?x	?p	?y
<http://purl.obolibrary.org/obo/FBdv_00005319>	<http://purl.obolibrary.org/obo/FBdv_00018001>	<http://purl.obolibrary.org/obo/FBdv_00005317>
<http://purl.obolibrary.org/obo/FBdv_0010006>	<http://purl.obolibrary.org/obo/RO_0002087>	<http://purl.obolibrary.org/obo/FBdv_0010005>
<http://purl.obolibrary.org/obo/FBdv_00007105>	<http://purl.obolibrary.org/obo/RO_0002087>	<http://purl.obolibrary.org/obo/FBdv_00007104>
<http://purl.obolibrary.org/obo/FBdv_00005303>	<http://purl.obolibrary.org/obo/RO_0002087>	<http://purl.obolibrary.org/obo/FBdv_00005302>
<http://purl.obolibrary.org/obo/FBdv_00005299>	<http://purl.obolibrary.org/obo/RO_0002087>	<http://purl.obolibrary.org/obo/FBdv_00005298>
<http://purl.obolibrary.org/obo/FBdv_00005365>	<http://purl.obolibrary.org/obo/RO_0002087>	<http://purl.obolibrary.org/obo/FBdv_00005364>
<http://purl.obolibrary.org/obo/FBdv_00005274>	<http://purl.obolibrary.org/obo/FBdv_00018001>	<http://purl.obolibrary.org/obo/FBdv_00004886>
<http://purl.obolibrary.org/obo/FBdv_00007001>	<http://purl.obolibrary.org/obo/RO_0002090>	<http://purl.obolibrary.org/obo/FBdv_00007025>
<http://purl.obolibrary.org/obo/FBdv_00007129>	<http://purl.obolibrary.org/obo/FBdv_00018001>	<http://purl.obolibrary.org/obo/FBdv_00005369>
<http://purl.obolibrary.org/obo/FBdv_00007084>	<http://purl.obolibrary.org/obo/FBdv_00018001>	<http://purl.obolibrary.org/obo/FBdv_00005369>
<http://purl.obolibrary.org/obo/FBdv_00007079>	<http://purl.obolibrary.org/obo/FBdv_00018001>	<http://purl.obolibrary.org/obo/FBdv_00005369>
<http://purl.obolibrary.org/obo/FBdv_0010004>	<http://purl.obolibrary.org/obo/FBdv_00018001>	<http://purl.obolibrary.org/obo/FBdv_00005369>
<http://purl.obolibrary.org/obo/FBdv_00005267>	<http://purl.obolibrary.org/obo/FBdv_00018001>	<http://purl.obolibrary.org/obo/FBdv_00004886>
<http://purl.obolibrary.org/obo/FBdv_00007106>	<http://purl.obolibrary.org/obo/FBdv_00018001>	<http://purl.obolibrary.org/obo/FBdv_00005369>
<http://purl.obolibrary.org/obo/FBdv_00005367>	<http://purl.obolibrary.org/obo/RO_0002087>	<http://purl.obolibrary.org/obo/FBdv_00005365>
<http://purl.obolibrary.org/obo/FBdv_00005304>	<http://purl.obolibrary.org/obo/RO_0002087>	<http://purl.obolibrary.org/obo/FBdv_00005290>
<http://purl.obolibrary.org/obo/FBdv_00005321>	<http://purl.obolibrary.org/obo/RO_0002087>	<http://purl.obolibrary.org/obo/FBdv_00005322>
<http://purl.obolibrary.org/obo/FBdv_00007086>	<http://purl.obolibrary.org/obo/RO_0002087>	<http://purl.obolibrary.org/obo/FBdv_00007085>
<http://purl.obolibrary.org/obo/FBdv_00005269>	<http://purl.obolibrary.org/obo/RO_0002087>	<http://purl.obolibrary.org/obo/FBdv_00005268>
<http://purl.obolibrary.org/obo/FBdv_00007119>	<http://purl.obolibrary.org/obo/FBdv_00018001>	<http://purl.obolibrary.org/obo/FBdv_00005369>
<http://purl.obolibrary.org/obo/FBdv_00005357>	<http://purl.obolibrary.org/obo/FBdv_00018001>	<http://purl.obolibrary.org/obo/FBdv_00006011>
<http://purl.obolibrary.org/obo/FBdv_00005293>	<http://purl.obolibrary.org/obo/FBdv_00018001>	<http://purl.obolibrary.org/obo/FBdv_00005290>
<http://purl.obolibrary.org/obo/FBdv_00005311>	<http://purl.obolibrary.org/obo/FBdv_00018001>	<http://purl.obolibrary.org/obo/FBdv_00005304>
<http://purl.obolibrary.org/obo/FBdv_0010006>	<http://purl.obolibrary.org/obo/FBdv_00018001>	<http://purl.obolibrary.org/obo/FBdv_00005369>
<http://purl.obolibrary.org/obo/FBdv_00007126>	<http://purl.obolibrary.org/obo/RO_0002087>	<http://purl.obolibrary.org/obo/FBdv_00007125>
<http://purl.obolibrary.org/obo/FBdv_00005328>	<http://purl.obolibrary.org/obo/FBdv_00018001>	<http://purl.obolibrary.org/obo/FBdv_00005331>
<http://purl.obolibrary.org/obo/FBdv_00005342>	<http://purl.obolibrary.org/obo/RO_0002087>	<http://purl.obolibrary.org/obo/FBdv_00005336>
<http://purl.obolibrary.org/obo/FBdv_00007077>	<http://purl.obolibrary.org/obo/RO_0002087>	<http://purl.obolibrary.org/obo/FBdv_00007076>
<http://purl.obolibrary.org/obo/FBdv_00005317>	<http://purl.obolibrary.org/obo/FBdv_00018001>	<http://purl.obolibrary.org/obo/FBdv_00005289>
<http://purl.obolibrary.org/obo/FBdv_00007109>	<http://purl.obolibrary.org/obo/FBdv_00018001>	<http://purl.obolibrary.org/obo/FBdv_00005369>
<http://purl.obolibrary.org/obo/FBdv_00005321>	<http://purl.obolibrary.org/obo/RO_0002087>	<http://purl.obolibrary.org/obo/FBdv_00005317>
<http://purl.obolibrary.org/obo/FBdv_00005263>	<http://purl.obolibrary.org/obo/FBdv_00018001>	<http://purl.obolibrary.org/obo/FBdv_00004886>
<http://purl.obolibrary.org/obo/FBdv_00007118>	<http://purl.obolibrary.org/obo/FBdv_00018001>	<http://purl.obolibrary.org/obo/FBdv_00005369>
<http://purl.obolibrary.org/obo/FBdv_00007001>	<http://purl.obolibrary.org/obo/RO_0002090>	<http://purl.obolibrary.org/obo/FBdv_00005370>
<http://purl.obolibrary.org/obo/FBdv_00005333>	<http://purl.obolibrary.org/obo/RO_0002087>	<http://purl.obolibrary.org/obo/FBdv_00005332>
<http://purl.obolibrary.org/obo/FBdv_00007102>	<http://purl.obolibrary.org/obo/FBdv_00018001>	<http://purl.obolibrary.org/obo/FBdv_00005369>
<http://purl.obolibrary.org/obo/FBdv_00014201>	<http://purl.obolibrary.org/obo/FBdv_00018001>	<http://purl.obolibrary.org/obo/FBdv_00005321>
<http://purl.obolibrary.org/obo/FBdv_00005277>	<http://purl.obolibrary.org/obo/RO_0002087>	<http://purl.obolibrary.org/obo/FBdv_00005276>
<http://purl.obolibrary.org/obo/FBdv_00007111>	<http://purl.obolibrary.org/obo/RO_0002087>	<http://purl.obolibrary.org/obo/FBdv_00007110>
<http://purl.obolibrary.org/obo/FBdv_00005343>	<http://purl.obolibrary.org/obo/FBdv_00018001>	<http://purl.obolibrary.org/obo/FBdv_00005342>
<http://purl.obolibrary.org/obo/FBdv_00005265>	<http://purl.obolibrary.org/obo/RO_0002087>	<http://purl.obolibrary.org/obo/FBdv_00005264>
<http://purl.obolibrary.org/obo/FBdv_00005328>	<http://purl.obolibrary.org/obo/RO_0002087>	<http://purl.obolibrary.org/obo/FBdv_00005321>
<http://purl.obolibrary.org/obo/FBdv_00005371>	<http://purl.obolibrary.org/obo/RO_0002087>	<http://purl.obolibrary.org/obo/FBdv_00005370>
<http://purl.obolibrary.org/obo/FBdv_00005359>	<http://purl.obolibrary.org/obo/FBdv_00018001>	<http://purl.obolibrary.org/obo/FBdv_00005358>
<http://purl.obolibrary.org/obo/FBdv_00007115>	<http://purl.obolibrary.org/obo/FBdv_00018001>	<http://purl.obolibrary.org/obo/FBdv_00005369>
<http://purl.obolibrary.org/obo/FBdv_00005283>	<http://purl.obolibrary.org/obo/FBdv_00018001>	<http://purl.obolibrary.org/obo/FBdv_00004886>
<http://purl.obolibrary.org/obo/FBdv_00007093>	<http://purl.obolibrary.org/obo/FBdv_00018001>	<http://purl.obolibrary.org/obo/FBdv_00005369>
<http://purl.obolibrary.org/obo/FBdv_00005337>	<http://purl.obolibrary.org/obo/RO_0002087>	<http://purl.obolibrary.org/obo/FBdv_00005335>
<http://purl.obolibrary.org/obo/FBdv_00005306>	<http://purl.obolibrary.org/obo/RO_0002087>	<http://purl.obolibrary.org/obo/FBdv_00005301>
<http://purl.obolibrary.org/obo/FBdv_00005333>	<http://purl.obolibrary.org/obo/RO_0002087>	<http://purl.obolibrary.org/obo/FBdv_00005331>
<http://purl.obolibrary.org/obo/FBdv_00005353>	<http://purl.obolibrary.org/obo/FBdv_00018001>	<http://purl.obolibrary.org/obo/FBdv_00005349>
<http://purl.obolibrary.org/obo/FBdv_00007116>	<http://purl.obolibrary.org/obo/FBdv_00018001>	<http://purl.obolibrary.org/obo/FBdv_00005369>
<http://purl.obolibrary.org/obo/FBdv_00007018>	<http://purl.obolibrary.org/obo/FBdv_00018001>	<http://purl.obolibrary.org/obo/FBdv_00005335>
<http://purl.obolibrary.org/obo/FBdv_00007095>	<http://purl.obolibrary.org/obo/RO_0002087>	<http://purl.obolibrary.org/obo/FBdv_00007094>
<http://purl.obolibrary.org/obo/FBdv_00005342>	<http://purl.obolibrary.org/obo/FBdv_00018001>	<http://purl.obolibrary.org/obo/FBdv_00007001>
<http://purl.obolibrary.org/obo/FBdv_00005289>	<http://purl.obolibrary.org/obo/RO_0002087>	<http://purl.obolibrary.org/obo/FBdv_00005287>
<http://purl.obolibrary.org/obo/FBdv_00005308>	<http://purl.obolibrary.org/obo/FBdv_00018001>	<http://purl.obolibrary.org/obo/FBdv_00005306>
<http://purl.obolibrary.org/obo/FBdv_00007020>	<http://purl.obolibrary.org/obo/RO_0002087>	<http://purl.obolibrary.org/obo/FBdv_00007019>
<http://purl.obolibrary.org/obo/FBdv_00005350>	<http://purl.obolibrary.org/obo/RO_0002087>	<http://purl.obolibrary.org/obo/FBdv_00005342>
<http://purl.obolibrary.org/obo/FBdv_00007127>	<http://purl.obolibrary.org/obo/RO_0002087>	<http://purl.obolibrary.org/obo/FBdv_00007126>
<http://purl.obolibrary.org/obo/FBdv_00005340>	<http://purl.obolibrary.org/obo/RO_0002087>	<http://purl.obolibrary.org/obo/FBdv_00005338>
<http://purl.obolibrary.org/obo/FBdv_00005357>	<http://purl.obolibrary.org/obo/RO_0002087>	<http://purl.obolibrary.org/obo/FBdv_00005356>
<http://purl.obolibrary.org/obo/FBdv_00007085>	<http://purl.obolibrary.org/obo/RO_0002087>	<http://purl.obolibrary.org/obo/FBdv_00007084>
<http://purl.obolibrary.org/obo/FBdv_00005292>	<http://purl.obolibrary.org/obo/RO_0002087>	<http://purl.obolibrary.org/obo/FBdv_00005288>
<http://purl.obolibrary.org/obo/FBdv_00005336>	<http://purl.obolibrary.org/obo/RO_0002090>	<http://purl.obolibrary.org/obo/FBdv_00005342>
<http://purl.obolibrary.org/obo/FBdv_00007019>	<http://purl.obolibrary.org/obo/FBdv_00018001>	<http://purl.obolibrary.org/obo/FBdv_00005341>
<http://purl.obolibrary.org/obo/FBdv_00007007>	<http://purl.obolibrary.org/obo/FBdv_00018001>	<http://purl.obolibrary.org/obo/FBdv_00005339>
<http://purl.obolibrary.org/obo/FBdv_00005342>	<http://purl.obolibrary.org/obo/RO_0002087>	<http://purl.obolibrary.org/obo/FBdv_00005339>
<http://purl.obolibrary.org/obo/FBdv_00007095>	<http://purl.obolibrary.org/obo/FBdv_00018001>	<http://purl.obolibrary.org/obo/FBdv_00005369>
<http://purl.obolibrary.org/obo/FBdv_00005351>	<http://purl.obolibrary.org/obo/RO_0002087>	<http://purl.obolibrary.org/obo/FBdv_00005346>
<http://purl.obolibrary.org/obo/FBdv_00005362>	<http://purl.obolibrary.org/obo/FBdv_00018001>	<http://purl.obolibrary.org/obo/FBdv_00005361>
<http://purl.obolibrary.org/obo/FBdv_00007109>	<http://purl.obolibrary.org/obo/RO_0002087>	<http://purl.obolibrary.org/obo/FBdv_00007108>
<http://purl.obolibrary.org/obo/FBdv_00007001>	<http://purl.obolibrary.org/obo/RO_0002087>	<http://purl.obolibrary.org/obo/FBdv_00007007>
<http://purl.obolibrary.org/obo/FBdv_00007128>	<http://purl.obolibrary.org/obo/FBdv_00018001>	<http://purl.obolibrary.org/obo/FBdv_00005369>
<http://purl.obolibrary.org/obo/FBdv_00005330>	<http://purl.obolibrary.org/obo/FBdv_00018001>	<http://purl.obolibrary.org/obo/FBdv_00005331>
<http://purl.obolibrary.org/obo/FBdv_00007016>	<http://purl.obolibrary.org/obo/FBdv_00018001>	<http://purl.obolibrary.org/obo/FBdv_00005335>
<http://purl.obolibrary.org/obo/FBdv_00005287>	<http://purl.obolibrary.org/obo/RO_0002087>	<http://purl.obolibrary.org/obo/FBdv_00005283>
<http://purl.obolibrary.org/obo/FBdv_00005301>	<http://purl.obolibrary.org/obo/RO_0002087>	<http://purl.obolibrary.org/obo/FBdv_00005300>
<http://purl.obolibrary.org/obo/FBdv_00005366>	<http://purl.obolibrary.org/obo/FBdv_00018001>	<http://purl.obolibrary.org/obo/FBdv_00006011>
<http://purl.obolibrary.org/obo/FBdv_00007003>	<http://purl.obolibrary.org/obo/FBdv_00018001>	<http://purl.obolibrary.org/obo/FBdv_00005273>
<http://purl.obolibrary.org/obo/FBdv_00005315>	<http://purl.obolibrary.org/obo/RO_0002087>	<http://purl.obolibrary.org/obo/FBdv_00005312>
<http://purl.obolibrary.org/obo/FBdv_0010001>	<http://purl.obolibrary.org/obo/RO_0002087>	<http://purl.obolibrary.org/obo/FBdv_00007135>
<http://purl.obolibrary.org/obo/FBdv_00005334>	<http://purl.obolibrary.org/obo/RO_0002087>	<http://purl.obolibrary.org/obo/FBdv_00005332>
<http://purl.obolibrary.org/obo/FBdv_00005337>	<http://purl.obolibrary.org/obo/RO_0002087>	<http://purl.obolibrary.org/obo/FBdv_00007018>
<http://purl.obolibrary.org/obo/FBdv_00005292>	<http://purl.obolibrary.org/obo/FBdv_00018001>	<http://purl.obolibrary.org/obo/FBdv_00005291>
<http://purl.obolibrary.org/obo/FBdv_00007107>	<http://purl.obolibrary.org/obo/FBdv_00018001>	<http://purl.obolibrary.org/obo/FBdv_00005369>
<http://purl.obolibrary.org/obo/FBdv_00005270>	<http://purl.obolibrary.org/obo/RO_0002087>	<http://purl.obolibrary.org/obo/FBdv_00005269>
<http://purl.obolibrary.org/obo/FBdv_00007121>	<http://purl.obolibrary.org/obo/RO_0002087>	<http://purl.obolibrary.org/obo/FBdv_00007120>
<http://purl.obolibrary.org/obo/FBdv_00005327>	<http://purl.obolibrary.org/obo/FBdv_00018001>	<http://purl.obolibrary.org/obo/FBdv_00004450>
<http://purl.obolibrary.org/obo/FBdv_00005336>	<http://purl.obolibrary.org/obo/RO_0002087>	<http://purl.obolibrary.org/obo/FBdv_00007018>
<http://purl.obolibrary.org/obo/FBdv_00005284>	<http://purl.obolibrary.org/obo/FBdv_00018001>	<http://purl.obolibrary.org/obo/FBdv_00005283>
<http://purl.obolibrary.org/obo/FBdv_00005361>	<http://purl.obolibrary.org/obo/RO_0002087>	<http://purl.obolibrary.org/obo/FBdv_00005360>
<http://purl.obolibrary.org/obo/FBdv_00007001>	<http://purl.obolibrary.org/obo/RO_0002087>	<http://purl.obolibrary.org/obo/FBdv_00007005>
<http://purl.obolibrary.org/obo/FBdv_00005328>	<http://purl.obolibrary.org/obo/RO_0002087>	<http://purl.obolibrary.org/obo/FBdv_00005327>
<http://purl.obolibrary.org/obo/FBdv_00005276>	<http://purl.obolibrary.org/obo/RO_0002087>	<http://purl.obolibrary.org/obo/FBdv_00005275>
<http://purl.obolibrary.org/obo/FBdv_00005296>	<http://purl.obolibrary.org/obo/FBdv_00018001>	<http://purl.obolibrary.org/obo/FBdv_00005293>
<http://purl.obolibrary.org/obo/FBdv_00005331>	<http://purl.obolibrary.org/obo/RO_0002087>	<http://purl.obolibrary.org/obo/FBdv_00005321>
<http://purl.obolibrary.org/obo/FBdv_00007007>	<http://purl.obolibrary.org/obo/RO_0002087>	<http://purl.obolibrary.org/obo/FBdv_00005340>
<http://purl.obolibrary.org/obo/FBdv_00005322>	<http://purl.obolibrary.org/obo/RO_0002087>	<http://purl.obolibrary.org/obo/FBdv_00005319>
<http://purl.obolibrary.org/obo/FBdv_00005270>	<http://purl.obolibrary.org/obo/FBdv_00018001>	<http://purl.obolibrary.org/obo/FBdv_00004886>
<http://purl.obolibrary.org/obo/FBdv_00007121>	<http://purl.obolibrary.org/obo/FBdv_00018001>	<http://purl.obolibrary.org/obo/FBdv_00005369>
<http://purl.obolibrary.org/obo/FBdv_00007104>	<http://purl.obolibrary.org/obo/RO_0002087>	<http://purl.obolibrary.org/obo/FBdv_00007103>
<http://purl.obolibrary.org/obo/FBdv_00005278>	<http://purl.obolibrary.org/obo/RO_0002087>	<http://purl.obolibrary.org/obo/FBdv_00005277>
<http://purl.obolibrary.org/obo/FBdv_00005317>	<http://purl.obolibrary.org/obo/RO_0002087>	<http://purl.obolibrary.org/obo/FBdv_00005311>
<http://purl.obolibrary.org/obo/FBdv_00007001>	<http://purl.obolibrary.org/obo/RO_0002090>	<http://purl.obolibrary.org/obo/FBdv_00005369>
<http://purl.obolibrary.org/obo/FBdv_00005343>	<http://purl.obolibrary.org/obo/RO_0002087>	<http://purl.obolibrary.org/obo/FBdv_00007005>
<http://purl.obolibrary.org/obo/FBdv_00005330>	<http://purl.obolibrary.org/obo/RO_0002087>	<http://purl.obolibrary.org/obo/FBdv_00005328>
<http://purl.obolibrary.org/obo/FBdv_00005370>	<http://purl.obolibrary.org/obo/RO_0002090>	<http://purl.obolibrary.org/obo/FBdv_00005371>
<http://purl.obolibrary.org/obo/FBdv_00005302>	<http://purl.obolibrary.org/obo/FBdv_00018001>	<http://purl.obolibrary.org/obo/FBdv_00005301>
<http://purl.obolibrary.org/obo/FBdv_00005361>	<http://purl.obolibrary.org/obo/RO_0002087>	<http://purl.obolibrary.org/obo/FBdv_00005358>
<http://purl.obolibrary.org/obo/FBdv_00005272>	<http://purl.obolibrary.org/obo/RO_0002087>	<http://purl.obolibrary.org/obo/FBdv_00005271>
<http://purl.obolibrary.org/obo/FBdv_00005352>	<http://purl.obolibrary.org/obo/RO_0002087>	<http://purl.obolibrary.org/obo/FBdv_00005351>
<http://purl.obolibrary.org/obo/FBdv_00007078>	<http://purl.obolibrary.org/obo/FBdv_00018001>	<http://purl.obolibrary.org/obo/FBdv_00005369>
<http://purl.obolibrary.org/obo/FBdv_00007094>	<http://purl.obolibrary.org/obo/RO_0002087>	<http://purl.obolibrary.org/obo/FBdv_00007093>
<http://purl.obolibrary.org/obo/FBdv_00007125>	<http://purl.obolibrary.org/obo/RO_0002087>	<http://purl.obolibrary.org/obo/FBdv_00007124>
<http://purl.obolibrary.org/obo/FBdv_00005279>	<http://purl.obolibrary.org/obo/FBdv_00018001>	<http://purl.obolibrary.org/obo/FBdv_00005278>
<http://purl.obolibrary.org/obo/FBdv_00005318>	<http://purl.obolibrary.org/obo/FBdv_00018001>	<http://purl.obolibrary.org/obo/FBdv_00005317>
<http://purl.obolibrary.org/obo/FBdv_00014201>	<http://purl.obolibrary.org/obo/RO_0002087>	<http://purl.obolibrary.org/obo/FBdv_00005322>
<http://purl.obolibrary.org/obo/FBdv_00007075>	<http://purl.obolibrary.org/obo/RO_0002087>	<http://purl.obolibrary.org/obo/FBdv_00007001>
<http://purl.obolibrary.org/obo/FBdv_00007080>	<http://purl.obolibrary.org/obo/RO_0002087>	<http://purl.obolibrary.org/obo/FBdv_00007079>
<http://purl.obolibrary.org/obo/FBdv_00005302>	<http://purl.obolibrary.org/obo/RO_0002087>	<http://purl.obolibrary.org/obo/FBdv_00005300>
<http://purl.obolibrary.org/obo/FBdv_00007117>	<http://purl.obolibrary.org/obo/FBdv_00018001>	<http://purl.obolibrary.org/obo/FBdv_00005369>
<http://purl.obolibrary.org/obo/FBdv_00007107>	<http://purl.obolibrary.org/obo/RO_0002087>	<http://purl.obolibrary.org/obo/FBdv_00007106>
<http://purl.obolibrary.org/obo/FBdv_00005266>	<http://purl.obolibrary.org/obo/FBdv_00018001>	<http://purl.obolibrary.org/obo/FBdv_00004886>
<http://purl.obolibrary.org/obo/FBdv_00005343>	<http://purl.obolibrary.org/obo/RO_0002087>	<http://purl.obolibrary.org/obo/FBdv_00005339>
<http://purl.obolibrary.org/obo/FBdv_00005364>	<http://purl.obolibrary.org/obo/RO_0002087>	<http://purl.obolibrary.org/obo/FBdv_00005363>
<http://purl.obolibrary.org/obo/FBdv_00007100>	<http://purl.obolibrary.org/obo/RO_0002087>	<http://purl.obolibrary.org/obo/FBdv_00007099>
<http://purl.obolibrary.org/obo/FBdv_00007094>	<http://purl.obolibrary.org/obo/FBdv_00018001>	<http://purl.obolibrary.org/obo/FBdv_00005369>
<http://purl.obolibrary.org/obo/FBdv_00005358>	<http://purl.obolibrary.org/obo/FBdv_00018001>	<http://purl.obolibrary.org/obo/FBdv_00006011>
<http://purl.obolibrary.org/obo/FBdv_00005289>	<http://purl.obolibrary.org/obo/RO_0002090>	<http://purl.obolibrary.org/obo/FBdv_00005337>
<http://purl.obolibrary.org/obo/FBdv_00005268>	<http://purl.obolibrary.org/obo/FBdv_00018001>	<http://purl.obolibrary.org/obo/FBdv_00004886>
<http://purl.obolibrary.org/obo/FBdv_00007101>	<http://purl.obolibrary.org/obo/RO_0002087>	<http://purl.obolibrary.org/obo/FBdv_00007100>
<http://purl.obolibrary.org/obo/FBdv_00007096>	<http://purl.obolibrary.org/obo/FBdv_00018001>	<http://purl.obolibrary.org/obo/FBdv_00005369>
<http://purl.obolibrary.org/obo/FBdv_00007026>	<http://purl.obolibrary.org/obo/RO_0002087>	<http://purl.obolibrary.org/obo/FBdv_00007025>
<http://purl.obolibrary.org/obo/FBdv_00005352>	<http://purl.obolibrary.org/obo/FBdv_00018001>	<http://purl.obolibrary.org/obo/FBdv_00005350>
<http://purl.obolibrary.org/obo/FBdv_00005314>	<http://purl.obolibrary.org/obo/FBdv_00018001>	<http://purl.obolibrary.org/obo/FBdv_00005312>
<http://purl.obolibrary.org/obo/FBdv_00007114>	<http://purl.obolibrary.org/obo/RO_0002087>	<http://purl.obolibrary.org/obo/FBdv_00007113>
<http://purl.obolibrary.org/obo/FBdv_00007125>	<http://purl.obolibrary.org/obo/FBdv_00018001>	<http://purl.obolibrary.org/obo/FBdv_00005369>
<http://purl.obolibrary.org/obo/FBdv_00007098>	<http://purl.obolibrary.org/obo/RO_0002087>	<http://purl.obolibrary.org/obo/FBdv_00007097>
<http://purl.obolibrary.org/obo/FBdv_00005288>	<http://purl.obolibrary.org/obo/FBdv_00018001>	<http://purl.obolibrary.org/obo/FBdv_00005289>
<http://purl.obolibrary.org/obo/FBdv_00007080>	<http://purl.obolibrary.org/obo/FBdv_00018001>	<http://purl.obolibrary.org/obo/FBdv_00005369>
<http://purl.obolibrary.org/obo/FBdv_00005341>	<http://purl.obolibrary.org/obo/FBdv_00018001>	<http://purl.obolibrary.org/obo/FBdv_00007007>
<http://purl.obolibrary.org/obo/FBdv_00005290>	<http://purl.obolibrary.org/obo/FBdv_00018001>	<http://purl.obolibrary.org/obo/FBdv_00000054>
<http://purl.obolibrary.org/obo/FBdv_00004450>	<http://purl.obolibrary.org/obo/RO_0002087>	<http://purl.obolibrary.org/obo/FBdv_00014201>
<http://purl.obolibrary.org/obo/FBdv_00005316>	<http://purl.obolibrary.org/obo/FBdv_00018001>	<http://purl.obolibrary.org/obo/FBdv_00005289>
<http://purl.obolibrary.org/obo/FBdv_00007118>	<http://purl.obolibrary.org/obo/RO_0002087>	<http://purl.obolibrary.org/obo/FBdv_00007117>
<http://purl.obolibrary.org/obo/FBdv_00005356>	<http://purl.obolibrary.org/obo/FBdv_00018001>	<http://purl.obolibrary.org/obo/FBdv_00006011>
<http://purl.obolibrary.org/obo/FBdv_00007005>	<http://purl.obolibrary.org/obo/FBdv_00018001>	<http://purl.obolibrary.org/obo/FBdv_00007007>
<http://purl.obolibrary.org/obo/FBdv_00007075>	<http://purl.obolibrary.org/obo/FBdv_00018001>	<http://purl.obolibrary.org/obo/FBdv_00005369>
<http://purl.obolibrary.org/obo/FBdv_00005348>	<http://purl.obolibrary.org/obo/FBdv_00018001>	<http://purl.obolibrary.org/obo/FBdv_00005346>
<http://purl.obolibrary.org/obo/FBdv_00007082>	<http://purl.obolibrary.org/obo/FBdv_00018001>	<http://purl.obolibrary.org/obo/FBdv_00005369>
<http://purl.obolibrary.org/obo/FBdv_0010005>	<http://purl.obolibrary.org/obo/RO_0002087>	<http://purl.obolibrary.org/obo/FBdv_0010004>
<http://purl.obolibrary.org/obo/FBdv_00006012>	<http://purl.obolibrary.org/obo/RO_0002087>	<http://purl.obolibrary.org/obo/FBdv_00005371>
<http://purl.obolibrary.org/obo/FBdv_00005264>	<http://purl.obolibrary.org/obo/FBdv_00018001>	<http://purl.obolibrary.org/obo/FBdv_00004886>
<http://purl.obolibrary.org/obo/FBdv_00007110>	<http://purl.obolibrary.org/obo/FBdv_00018001>	<http://purl.obolibrary.org/obo/FBdv_00005369>
<http://purl.obolibrary.org/obo/FBdv_00007093>	<http://purl.obolibrary.org/obo/RO_0002087>	<http://purl.obolibrary.org/obo/FBdv_00007092>
<http://purl.obolibrary.org/obo/FBdv_00005306>	<http://purl.obolibrary.org/obo/RO_0002087>	<http://purl.obolibrary.org/obo/FBdv_00005302>
<http://purl.obolibrary.org/obo/FBdv_00007117>	<http://purl.obolibrary.org/obo/RO_0002087>	<http://purl.obolibrary.org/obo/FBdv_00007116>
<http://purl.obolibrary.org/obo/FBdv_00007112>	<http://purl.obolibrary.org/obo/RO_0002087>	<http://purl.obolibrary.org/obo/FBdv_00007111>
<http://purl.obolibrary.org/obo/FBdv_00005266>	<http://purl.obolibrary.org/obo/RO_0002087>	<http://purl.obolibrary.org/obo/FBdv_00005265>
<http://purl.obolibrary.org/obo/FBdv_00005339>	<http://purl.obolibrary.org/obo/FBdv_00018001>	<http://purl.obolibrary.org/obo/FBdv_00005336>
<http://purl.obolibrary.org/obo/FBdv_00005353>	<http://purl.obolibrary.org/obo/RO_0002087>	<http://purl.obolibrary.org/obo/FBdv_00005350>
<http://purl.obolibrary.org/obo/FBdv_00005304>	<http://purl.obolibrary.org/obo/RO_0002087>	<http://purl.obolibrary.org/obo/FBdv_00005301>
<http://purl.obolibrary.org/obo/FBdv_00005358>	<http://purl.obolibrary.org/obo/RO_0002087>	<http://purl.obolibrary.org/obo/FBdv_00005357>
<http://purl.obolibrary.org/obo/FBdv_00007015>	<http://purl.obolibrary.org/obo/RO_0002087>	<http://purl.obolibrary.org/obo/FBdv_00005334>
<http://purl.obolibrary.org/obo/FBdv_00007131>	<http://purl.obolibrary.org/obo/FBdv_00018001>	<http://purl.obolibrary.org/obo/FBdv_00005369>
<http://purl.obolibrary.org/obo/FBdv_00005339>	<http://purl.obolibrary.org/obo/RO_0002090>	<http://purl.obolibrary.org/obo/FBdv_00005342>
<http://purl.obolibrary.org/obo/FBdv_00005363>	<http://purl.obolibrary.org/obo/FBdv_00018001>	<http://purl.obolibrary.org/obo/FBdv_00005361>
<http://purl.obolibrary.org/obo/FBdv_00005349>	<http://purl.obolibrary.org/obo/RO_0002090>	<http://purl.obolibrary.org/obo/FBdv_00006011>
<http://purl.obolibrary.org/obo/FBdv_00005336>	<http://purl.obolibrary.org/obo/RO_0002090>	<http://purl.obolibrary.org/obo/FBdv_00007001>
<http://purl.obolibrary.org/obo/FBdv_00005291>	<http://purl.obolibrary.org/obo/FBdv_00018001>	<http://purl.obolibrary.org/obo/FBdv_00005290>
<http://purl.obolibrary.org/obo/FBdv_00005281>	<http://purl.obolibrary.org/obo/RO_0002087>	<http://purl.obolibrary.org/obo/FBdv_00005280>
<http://purl.obolibrary.org/obo/FBdv_00007124>	<http://purl.obolibrary.org/obo/RO_0002087>	<http://purl.obolibrary.org/obo/FBdv_00007123>
<http://purl.obolibrary.org/obo/FBdv_00007119>	<http://purl.obolibrary.org/obo/RO_0002087>	<http://purl.obolibrary.org/obo/FBdv_00007118>
<http://purl.obolibrary.org/obo/FBdv_00007017>	<http://purl.obolibrary.org/obo/RO_0002087>	<http://purl.obolibrary.org/obo/FBdv_00007016>
<http://purl.obolibrary.org/obo/FBdv_00005341>	<http://purl.obolibrary.org/obo/RO_0002087>	<http://purl.obolibrary.org/obo/FBdv_00005340>
<http://purl.obolibrary.org/obo/FBdv_00005283>	<http://purl.obolibrary.org/obo/RO_0002087>	<http://purl.obolibrary.org/obo/FBdv_00005278>
<http://purl.obolibrary.org/obo/FBdv_00005298>	<http://purl.obolibrary.org/obo/FBdv_00018001>	<http://purl.obolibrary.org/obo/FBdv_00005293>
<http://purl.obolibrary.org/obo/FBdv_00005350>	<http://purl.obolibrary.org/obo/RO_0002087>	<http://purl.obolibrary.org/obo/FBdv_00005346>
<http://purl.obolibrary.org/obo/FBdv_00005303>	<http://purl.obolibrary.org/obo/RO_0002087>	<http://purl.obolibrary.org/obo/FBdv_00005301>
<http://purl.obolibrary.org/obo/FBdv_00005331>	<http://purl.obolibrary.org/obo/RO_0002087>	<http://purl.obolibrary.org/obo/FBdv_00005327>
<http://purl.obolibrary.org/obo/FBdv_00007006>	<http://purl.obolibrary.org/obo/FBdv_00018001>	<http://purl.obolibrary.org/obo/FBdv_00005278>
<http://purl.obolibrary.org/obo/FBdv_00005365>	<http://purl.obolibrary.org/obo/FBdv_00018001>	<http://purl.obolibrary.org/obo/FBdv_00006011>
<http://purl.obolibrary.org/obo/FBdv_00005349>	<http://purl.obolibrary.org/obo/FBdv_00018001>	<http://purl.obolibrary.org/obo/FBdv_00007001>
<http://purl.obolibrary.org/obo/FBdv_00005359>	<http://purl.obolibrary.org/obo/RO_0002087>	<http://purl.obolibrary.org/obo/FBdv_00005357>
<http://purl.obolibrary.org/obo/FBdv_00005295>	<http://purl.obolibrary.org/obo/RO_0002087>	<http://purl.obolibrary.org/obo/FBdv_00005294>
<http://purl.obolibrary.org/obo/FBdv_00005290>	<http://purl.obolibrary.org/obo/RO_0002087>	<http://purl.obolibrary.org/obo/FBdv_00005288>
<http://purl.obolibrary.org/obo/FBdv_0010008>	<http://purl.obolibrary.org/obo/RO_0002087>	<http://purl.obolibrary.org/obo/FBdv_0010007>
<http://purl.obolibrary.org/obo/FBdv_00007124>	<http://purl.obolibrary.org/obo/FBdv_00018001>	<http://purl.obolibrary.org/obo/FBdv_00005369>
<http://purl.obolibrary.org/obo/FBdv_00005269>	<http://purl.obolibrary.org/obo/FBdv_00018001>	<http://purl.obolibrary.org/obo/FBdv_00004886>
<http://purl.obolibrary.org/obo/FBdv_00006011>	<http://purl.obolibrary.org/obo/RO_0002090>	<http://purl.obolibrary.org/obo/FBdv_00005369>
<http://purl.obolibrary.org/obo/FBdv_00005332>	<http://purl.obolibrary.org/obo/FBdv_00018001>	<http://purl.obolibrary.org/obo/FBdv_00005331>
<http://purl.obolibrary.org/obo/FBdv_00005297>	<http://purl.obolibrary.org/obo/RO_0002087>	<http://purl.obolibrary.org/obo/FBdv_00005296>
<http://purl.obolibrary.org/obo/FBdv_00007004>	<http://purl.obolibrary.org/obo/RO_0002087>	<http://purl.obolibrary.org/obo/FBdv_00005341>
<http://purl.obolibrary.org/obo/FBdv_00005363>	<http://purl.obolibrary.org/obo/RO_0002087>	<http://purl.obolibrary.org/obo/FBdv_00005362>
<http://purl.obolibrary.org/obo/FBdv_00006012>	<http://purl.obolibrary.org/obo/RO_0002090>	<http://purl.obolibrary.org/obo/FBdv_00007026>
<http://purl.obolibrary.org/obo/FBdv_00007133>	<http://purl.obolibrary.org/obo/RO_0002087>	<http://purl.obolibrary.org/obo/FBdv_00007132>
<http://purl.obolibrary.org/obo/FBdv_00005291>	<http://purl.obolibrary.org/obo/RO_0002087>	<http://purl.obolibrary.org/obo/FBdv_00005288>
<http://purl.obolibrary.org/obo/FBdv_00005275>	<http://purl.obolibrary.org/obo/FBdv_00018001>	<http://purl.obolibrary.org/obo/FBdv_00005274>
<http://purl.obolibrary.org/obo/FBdv_00007130>	<http://purl.obolibrary.org/obo/FBdv_00018001>	<http://purl.obolibrary.org/obo/FBdv_00005369>
<http://purl.obolibrary.org/obo/FBdv_00006011>	<http://purl.obolibrary.org/obo/RO_0002090>	<http://purl.obolibrary.org/obo/FBdv_00007025>
<http://purl.obolibrary.org/obo/FBdv_00005325>	<http://purl.obolibrary.org/obo/RO_0002087>	<http://purl.obolibrary.org/obo/FBdv_00014201>
<http://purl.obolibrary.org/obo/FBdv_00005321>	<http://purl.obolibrary.org/obo/FBdv_00018001>	<http://purl.obolibrary.org/obo/FBdv_00005289>
<http://purl.obolibrary.org/obo/FBdv_00005277>	<http://purl.obolibrary.org/obo/FBdv_00018001>	<http://purl.obolibrary.org/obo/FBdv_00005274>
<http://purl.obolibrary.org/obo/FBdv_00007103>	<http://purl.obolibrary.org/obo/FBdv_00018001>	<http://purl.obolibrary.org/obo/FBdv_00005369>
<http://purl.obolibrary.org/obo/FBdv_00007087>	<http://purl.obolibrary.org/obo/RO_0002087>	<http://purl.obolibrary.org/obo/FBdv_00007086>
<http://purl.obolibrary.org/obo/FBdv_00007001>	<http://purl.obolibrary.org/obo/RO_0002087>	<http://purl.obolibrary.org/obo/FBdv_00005336>
<http://purl.obolibrary.org/obo/FBdv_00005297>	<http://purl.obolibrary.org/obo/FBdv_00018001>	<http://purl.obolibrary.org/obo/FBdv_00005293>
<http://purl.obolibrary.org/obo/FBdv_00005328>	<http://purl.obolibrary.org/obo/RO_0002087>	<http://purl.obolibrary.org/obo/FBdv_00004450>
<http://purl.obolibrary.org/obo/FBdv_0010010>	<http://purl.obolibrary.org/obo/RO_0002087>	<http://purl.obolibrary.org/obo/FBdv_0010009>
<http://purl.obolibrary.org/obo/FBdv_00005271>	<http://purl.obolibrary.org/obo/FBdv_00018001>	<http://purl.obolibrary.org/obo/FBdv_00005270>
<http://purl.obolibrary.org/obo/FBdv_00005351>	<http://purl.obolibrary.org/obo/RO_0002087>	<http://purl.obolibrary.org/obo/FBdv_00005348>
<http://purl.obolibrary.org/obo/FBdv_00005278>	<http://purl.obolibrary.org/obo/FBdv_00018001>	<http://purl.obolibrary.org/obo/FBdv_00004886>
<http://purl.obolibrary.org/obo/FBdv_00007088>	<http://purl.obolibrary.org/obo/FBdv_00018001>	<http://purl.obolibrary.org/obo/FBdv_00005369>
<http://purl.obolibrary.org/obo/FBdv_00005333>	<http://purl.obolibrary.org/obo/FBdv_00018001>	<http://purl.obolibrary.org/obo/FBdv_00005289>
<http://purl.obolibrary.org/obo/FBdv_00007135>	<http://purl.obolibrary.org/obo/RO_0002087>	<http://purl.obolibrary.org/obo/FBdv_00007134>
<http://purl.obolibrary.org/obo/FBdv_00007083>	<http://purl.obolibrary.org/obo/FBdv_00018001>	<http://purl.obolibrary.org/obo/FBdv_00005369>
<http://purl.obolibrary.org/obo/FBdv_00007075>	<http://purl.obolibrary.org/obo/RO_0002087>	<http://purl.obolibrary.org/obo/FBdv_00005366>
<http://purl.obolibrary.org/obo/FBdv_00005342>	<http://purl.obolibrary.org/obo/RO_0002090>	<http://purl.obolibrary.org/obo/FBdv_00005349>
<http://purl.obolibrary.org/obo/FBdv_00007099>	<http://purl.obolibrary.org/obo/FBdv_00018001>	<http://purl.obolibrary.org/obo/FBdv_00005369>
<http://purl.obolibrary.org/obo/FBdv_00005325>	<http://purl.obolibrary.org/obo/FBdv_00018001>	<http://purl.obolibrary.org/obo/FBdv_00004450>
<http://purl.obolibrary.org/obo/FBdv_00005337>	<http://purl.obolibrary.org/obo/RO_0002090>	<http://purl.obolibrary.org/obo/FBdv_00005338>
<http://purl.obolibrary.org/obo/FBdv_00005350>	<http://purl.obolibrary.org/obo/FBdv_00018001>	<http://purl.obolibrary.org/obo/FBdv_00005349>
<http://purl.obolibrary.org/obo/FBdv_00005312>	<http://purl.obolibrary.org/obo/FBdv_00018001>	<http://purl.obolibrary.org/obo/FBdv_00005289>
<http://purl.obolibrary.org/obo/FBdv_00005282>	<http://purl.obolibrary.org/obo/RO_0002087>	<http://purl.obolibrary.org/obo/FBdv_00005281>
<http://purl.obolibrary.org/obo/FBdv_00007092>	<http://purl.obolibrary.org/obo/RO_0002087>	<http://purl.obolibrary.org/obo/FBdv_00007091>
<http://purl.obolibrary.org/obo/FBdv_00005360>	<http://purl.obolibrary.org/obo/RO_0002087>	<http://purl.obolibrary.org/obo/FBdv_00005359>
<http://purl.obolibrary.org/obo/FBdv_00005369>	<http://purl.obolibrary.org/obo/RO_0002087>	<http://purl.obolibrary.org/obo/FBdv_00007001>
<http://purl.obolibrary.org/obo/FBdv_00005306>	<http://purl.obolibrary.org/obo/FBdv_00018001>	<http://purl.obolibrary.org/obo/FBdv_00005304>
<http://purl.obolibrary.org/obo/FBdv_00005284>	<http://purl.obolibrary.org/obo/RO_0002087>	<http://purl.obolibrary.org/obo/FBdv_00005282>
<http://purl.obolibrary.org/obo/FBdv_00005289>	<http://purl.obolibrary.org/obo/RO_0002090>	<http://purl.obolibrary.org/obo/FBdv_00005336>
<http://purl.obolibrary.org/obo/FBdv_00007081>	<http://purl.obolibrary.org/obo/RO_0002087>	<http://purl.obolibrary.org/obo/FBdv_00007080>
<http://purl.obolibrary.org/obo/FBdv_00007025>	<http://purl.obolibrary.org/obo/RO_0002087>	<http://purl.obolibrary.org/obo/FBdv_00007001>
<http://purl.obolibrary.org/obo/FBdv_00005351>	<http://purl.obolibrary.org/obo/FBdv_00018001>	<http://purl.obolibrary.org/obo/FBdv_00005350>
<http://purl.obolibrary.org/obo/FBdv_00007076>	<http://purl.obolibrary.org/obo/RO_0002087>	<http://purl.obolibrary.org/obo/FBdv_00007075>
<http://purl.obolibrary.org/obo/FBdv_00005262>	<http://purl.obolibrary.org/obo/FBdv_00018001>	<http://purl.obolibrary.org/obo/FBdv_00004886>
<http://purl.obolibrary.org/obo/FBdv_00007113>	<http://purl.obolibrary.org/obo/FBdv_00018001>	<http://purl.obolibrary.org/obo/FBdv_00005369>
<http://purl.obolibrary.org/obo/FBdv_00007078>	<http://purl.obolibrary.org/obo/RO_0002087>	<http://purl.obolibrary.org/obo/FBdv_00007077>
<http://purl.obolibrary.org/obo/FBdv_00005315>	<http://purl.obolibrary.org/obo/FBdv_00018001>	<http://purl.obolibrary.org/obo/FBdv_00005289>
<http://purl.obolibrary.org/obo/FBdv_00005355>	<http://purl.obolibrary.org/obo/RO_0002087>	<http://purl.obolibrary.org/obo/FBdv_00005349>
<http://purl.obolibrary.org/obo/FBdv_00005369>	<http://purl.obolibrary.org/obo/RO_0002087>	<http://purl.obolibrary.org/obo/FBdv_00005366>
<http://purl.obolibrary.org/obo/FBdv_00005264>	<http://purl.obolibrary.org/obo/RO_0002087>	<http://purl.obolibrary.org/obo/FBdv_00005263>
<http://purl.obolibrary.org/obo/FBdv_00005347>	<http://purl.obolibrary.org/obo/FBdv_00018001>	<http://purl.obolibrary.org/obo/FBdv_00005346>
<http://purl.obolibrary.org/obo/FBdv_00007077>	<http://purl.obolibrary.org/obo/FBdv_00018001>	<http://purl.obolibrary.org/obo/FBdv_00005369>
<http://purl.obolibrary.org/obo/FBdv_00005334>	<http://purl.obolibrary.org/obo/RO_0002087>	<http://purl.obolibrary.org/obo/FBdv_00005331>
<http://purl.obolibrary.org/obo/FBdv_00005307>	<http://purl.obolibrary.org/obo/RO_0002087>	<http://purl.obolibrary.org/obo/FBdv_00005303>
<http://purl.obolibrary.org/obo/FBdv_00007097>	<http://purl.obolibrary.org/obo/FBdv_00018001>	<http://purl.obolibrary.org/obo/FBdv_00005369>
<http://purl.obolibrary.org/obo/FBdv_00007092>	<http://purl.obolibrary.org/obo/FBdv_00018001>	<http://purl.obolibrary.org/obo/FBdv_00005369>
<http://purl.obolibrary.org/obo/FBdv_00005265>	<http://purl.obolibrary.org/obo/FBdv_00018001>	<http://purl.obolibrary.org/obo/FBdv_00004886>
<http://purl.obolibrary.org/obo/FBdv_00005338>	<http://purl.obolibrary.org/obo/FBdv_00018001>	<http://purl.obolibrary.org/obo/FBdv_00005336>
<http://purl.obolibrary.org/obo/FBdv_00007099>	<http://purl.obolibrary.org/obo/RO_0002087>	<http://purl.obolibrary.org/obo/FBdv_00007098>
<http://purl.obolibrary.org/obo/FBdv_00005288>	<http://purl.obolibrary.org/obo/FBdv_00018001>	<http://purl.obolibrary.org/obo/FBdv_00005286>
<http://purl.obolibrary.org/obo/FBdv_00005370>	<http://purl.obolibrary.org/obo/RO_0002087>	<http://purl.obolibrary.org/obo/FBdv_00005368>
<http://purl.obolibrary.org/obo/FBdv_00007131>	<http://purl.obolibrary.org/obo/RO_0002087>	<http://purl.obolibrary.org/obo/FBdv_00007130>
<http://purl.obolibrary.org/obo/FBdv_00005319>	<http://purl.obolibrary.org/obo/RO_0002087>	<http://purl.obolibrary.org/obo/FBdv_00005318>
<http://purl.obolibrary.org/obo/FBdv_00005364>	<http://purl.obolibrary.org/obo/FBdv_00018001>	<http://purl.obolibrary.org/obo/FBdv_00006011>
<http://purl.obolibrary.org/obo/FBdv_00005334>	<http://purl.obolibrary.org/obo/FBdv_00018001>	<http://purl.obolibrary.org/obo/FBdv_00005333>
<http://purl.obolibrary.org/obo/FBdv_00005276>	<http://purl.obolibrary.org/obo/FBdv_00018001>	<http://purl.obolibrary.org/obo/FBdv_00005274>
<http://purl.obolibrary.org/obo/FBdv_00005337>	<http://purl.obolibrary.org/obo/RO_0002087>	<http://purl.obolibrary.org/obo/FBdv_00005333>
<http://purl.obolibrary.org/obo/FBdv_00007019>	<http://purl.obolibrary.org/obo/RO_0002087>	<http://purl.obolibrary.org/obo/FBdv_00005340>
<http://purl.obolibrary.org/obo/FBdv_00005327>	<http://purl.obolibrary.org/obo/RO_0002087>	<http://purl.obolibrary.org/obo/FBdv_00005325>
<http://purl.obolibrary.org/obo/FBdv_00005306>	<http://purl.obolibrary.org/obo/RO_0002087>	<http://purl.obolibrary.org/obo/FBdv_00005290>
<http://purl.obolibrary.org/obo/FBdv_00007104>	<http://purl.obolibrary.org/obo/FBdv_00018001>	<http://purl.obolibrary.org/obo/FBdv_00005369>
<http://purl.obolibrary.org/obo/FBdv_00007012>	<http://purl.obolibrary.org/obo/FBdv_00018001>	<http://purl.obolibrary.org/obo/FBdv_00000000>
<http://purl.obolibrary.org/obo/FBdv_00005317>	<http://purl.obolibrary.org/obo/RO_0002087>	<http://purl.obolibrary.org/obo/FBdv_00005304>
<http://purl.obolibrary.org/obo/FBdv_00005338>	<http://purl.obolibrary.org/obo/RO_0002090>	<http://purl.obolibrary.org/obo/FBdv_00005339>
<http://purl.obolibrary.org/obo/FBdv_00005362>	<http://purl.obolibrary.org/obo/RO_0002087>	<http://purl.obolibrary.org/obo/FBdv_00005358>
<http://purl.obolibrary.org/obo/FBdv_00005348>	<http://purl.obolibrary.org/obo/RO_0002087>	<http://purl.obolibrary.org/obo/FBdv_00005347>
<http://purl.obolibrary.org/obo/FBdv_00007025>	<http://purl.obolibrary.org/obo/RO_0002090>	<http://purl.obolibrary.org/obo/FBdv_00007026>
<http://purl.obolibrary.org/obo/FBdv_00005370>	<http://purl.obolibrary.org/obo/RO_0002087>	<http://purl.obolibrary.org/obo/FBdv_00007001>
<http://purl.obolibrary.org/obo/FBdv_0010004>	<http://purl.obolibrary.org/obo/RO_0002087>	<http://purl.obolibrary.org/obo/FBdv_0010003>
<http://purl.obolibrary.org/obo/FBdv_00005283>	<http://purl.obolibrary.org/obo/RO_0002087>	<http://purl.obolibrary.org/obo/FBdv_00005282>
<http://purl.obolibrary.org/obo/FBdv_00005298>	<http://purl.obolibrary.org/obo/RO_0002087>	<http://purl.obolibrary.org/obo/FBdv_00005297>
<http://purl.obolibrary.org/obo/FBdv_00007123>	<http://purl.obolibrary.org/obo/FBdv_00018001>	<http://purl.obolibrary.org/obo/FBdv_00005369>
<http://purl.obolibrary.org/obo/FBdv_00007106>	<http://purl.obolibrary.org/obo/RO_0002087>	<http://purl.obolibrary.org/obo/FBdv_00007105>
<http://purl.obolibrary.org/obo/FBdv_00005345>	<http://purl.obolibrary.org/obo/FBdv_00018001>	<http://purl.obolibrary.org/obo/FBdv_00005342>
<http://purl.obolibrary.org/obo/FBdv_00005361>	<http://purl.obolibrary.org/obo/FBdv_00018001>	<http://purl.obolibrary.org/obo/FBdv_00006011>
<http://purl.obolibrary.org/obo/FBdv_00007020>	<http://purl.obolibrary.org/obo/FBdv_00018001>	<http://purl.obolibrary.org/obo/FBdv_00005341>
<http://purl.obolibrary.org/obo/FBdv_00005340>	<http://purl.obolibrary.org/obo/FBdv_00018001>	<http://purl.obolibrary.org/obo/FBdv_00005339>
<http://purl.obolibrary.org/obo/FBdv_00007134>	<http://purl.obolibrary.org/obo/RO_0002087>	<http://purl.obolibrary.org/obo/FBdv_00007133>
<http://purl.obolibrary.org/obo/FBdv_00005300>	<http://purl.obolibrary.org/obo/RO_0002087>	<http://purl.obolibrary.org/obo/FBdv_00005299>
<http://purl.obolibrary.org/obo/FBdv_00007098>	<http://purl.obolibrary.org/obo/FBdv_00018001>	<http://purl.obolibrary.org/obo/FBdv_00005369>
<http://purl.obolibrary.org/obo/FBdv_00005369>	<http://purl.obolibrary.org/obo/RO_0002087>	<http://purl.obolibrary.org/obo/FBdv_00005368>
<http://purl.obolibrary.org/obo/FBdv_00014201>	<http://purl.obolibrary.org/obo/RO_0002087>	<http://purl.obolibrary.org/obo/FBdv_00005317>
<http://purl.obolibrary.org/obo/FBdv_00005302>	<http://purl.obolibrary.org/obo/RO_0002087>	<http://purl.obolibrary.org/obo/FBdv_00005293>
<http://purl.obolibrary.org/obo/FBdv_00007091>	<http://purl.obolibrary.org/obo/RO_0002087>	<http://purl.obolibrary.org/obo/FBdv_00007090>
<http://purl.obolibrary.org/obo/FBdv_00005346>	<http://purl.obolibrary.org/obo/RO_0002087>	<http://purl.obolibrary.org/obo/FBdv_00005345>
<http://purl.obolibrary.org/obo/FBdv_00005356>	<http://purl.obolibrary.org/obo/RO_0002087>	<http://purl.obolibrary.org/obo/FBdv_00005355>
<http://purl.obolibrary.org/obo/FBdv_00005343>	<http://purl.obolibrary.org/obo/RO_0002087>	<http://purl.obolibrary.org/obo/FBdv_00005336>
<http://purl.obolibrary.org/obo/FBdv_0010002>	<http://purl.obolibrary.org/obo/RO_0002087>	<http://purl.obolibrary.org/obo/FBdv_0010001>
<http://purl.obolibrary.org/obo/FBdv_00007120>	<http://purl.obolibrary.org/obo/RO_0002087>	<http://purl.obolibrary.org/obo/FBdv_00007119>
<http://purl.obolibrary.org/obo/FBdv_00005294>	<http://purl.obolibrary.org/obo/FBdv_00018001>	<http://purl.obolibrary.org/obo/FBdv_00005293>
<http://purl.obolibrary.org/obo/FBdv_00000054>	<http://purl.obolibrary.org/obo/FBdv_00018001>	<http://purl.obolibrary.org/obo/FBdv_00005289>
<http://purl.obolibrary.org/obo/FBdv_00005370>	<http://purl.obolibrary.org/obo/RO_0002087>	<http://purl.obolibrary.org/obo/FBdv_00006011>
<http://purl.obolibrary.org/obo/FBdv_0010007>	<http://purl.obolibrary.org/obo/FBdv_00018001>	<http://purl.obolibrary.org/obo/FBdv_00005369>
<http://purl.obolibrary.org/obo/FBdv_00005371>	<http://purl.obolibrary.org/obo/RO_0002090>	<http://purl.obolibrary.org/obo/FBdv_00006012>
<http://purl.obolibrary.org/obo/FBdv_00005364>	<http://purl.obolibrary.org/obo/RO_0002087>	<http://purl.obolibrary.org/obo/FBdv_00005361>
<http://purl.obolibrary.org/obo/FBdv_00007122>	<http://purl.obolibrary.org/obo/RO_0002087>	<http://purl.obolibrary.org/obo/FBdv_00007121>
<http://purl.obolibrary.org/obo/FBdv_00007101>	<http://purl.obolibrary.org/obo/FBdv_00018001>	<http://purl.obolibrary.org/obo/FBdv_00005369>
<http://purl.obolibrary.org/obo/FBdv_00005300>	<http://purl.obolibrary.org/obo/FBdv_00018001>	<http://purl.obolibrary.org/obo/FBdv_00005293>
<http://purl.obolibrary.org/obo/FBdv_00007002>	<http://purl.obolibrary.org/obo/FBdv_00018001>	<http://purl.obolibrary.org/obo/FBdv_00005273>
<http://purl.obolibrary.org/obo/FBdv_00007114>	<http://purl.obolibrary.org/obo/FBdv_00018001>	<http://purl.obolibrary.org/obo/FBdv_00005369>
<http://purl.obolibrary.org/obo/FBdv_00005362>	<http://purl.obolibrary.org/obo/RO_0002087>	<http://purl.obolibrary.org/obo/FBdv_00005360>
<http://purl.obolibrary.org/obo/FBdv_0010009>	<http://purl.obolibrary.org/obo/RO_0002087>	<http://purl.obolibrary.org/obo/FBdv_0010008>
<http://purl.obolibrary.org/obo/FBdv_00007132>	<http://purl.obolibrary.org/obo/FBdv_00018001>	<http://purl.obolibrary.org/obo/FBdv_00005369>
<http://purl.obolibrary.org/obo/FBdv_00007116>	<http://purl.obolibrary.org/obo/RO_0002087>	<http://purl.obolibrary.org/obo/FBdv_00007115>
<http://purl.obolibrary.org/obo/FBdv_00006011>	<http://purl.obolibrary.org/obo/RO_0002087>	<http://purl.obolibrary.org/obo/FBdv_00005349>
<http://purl.obolibrary.org/obo/FBdv_00007091>	<http://purl.obolibrary.org/obo/FBdv_00018001>	<http://purl.obolibrary.org/obo/FBdv_00005369>
<http://purl.obolibrary.org/obo/FBdv_00005324>	<http://purl.obolibrary.org/obo/FBdv_00018001>	<http://purl.obolibrary.org/obo/FBdv_00014201>
<http://purl.obolibrary.org/obo/FBdv_00005345>	<http://purl.obolibrary.org/obo/RO_0002087>	<http://purl.obolibrary.org/obo/FBdv_00005344>
<http://purl.obolibrary.org/obo/FBdv_00005267>	<http://purl.obolibrary.org/obo/RO_0002087>	<http://purl.obolibrary.org/obo/FBdv_00005266>
<http://purl.obolibrary.org/obo/FBdv_00007122>	<http://purl.obolibrary.org/obo/FBdv_00018001>	<http://purl.obolibrary.org/obo/FBdv_00005369>
<http://purl.obolibrary.org/obo/FBdv_0010002>	<http://purl.obolibrary.org/obo/FBdv_00018001>	<http://purl.obolibrary.org/obo/FBdv_00005369>
<http://purl.obolibrary.org/obo/FBdv_00006012>	<http://purl.obolibrary.org/obo/FBdv_00018001>	<http://purl.obolibrary.org/obo/FBdv_00007025>
<http://purl.obolibrary.org/obo/FBdv_00005331>	<http://purl.obolibrary.org/obo/RO_0002087>	<http://purl.obolibrary.org/obo/FBdv_00004450>
<http://purl.obolibrary.org/obo/FBdv_00005274>	<http://purl.obolibrary.org/obo/RO_0002087>	<http://purl.obolibrary.org/obo/FBdv_00005273>
<http://purl.obolibrary.org/obo/FBdv_00005311>	<http://purl.obolibrary.org/obo/RO_0002087>	<http://purl.obolibrary.org/obo/FBdv_00005306>
<http://purl.obolibrary.org/obo/FBdv_00007129>	<http://purl.obolibrary.org/obo/RO_0002087>	<http://purl.obolibrary.org/obo/FBdv_00007128>
<http://purl.obolibrary.org/obo/FBdv_0010009>	<http://purl.obolibrary.org/obo/FBdv_00018001>	<http://purl.obolibrary.org/obo/FBdv_00005369>
<http://purl.obolibrary.org/obo/FBdv_00005342>	<http://purl.obolibrary.org/obo/RO_0002087>	<http://purl.obolibrary.org/obo/FBdv_00007005>
<http://purl.obolibrary.org/obo/FBdv_00007079>	<http://purl.obolibrary.org/obo/RO_0002087>	<http://purl.obolibrary.org/obo/FBdv_00007078>
<http://purl.obolibrary.org/obo/FBdv_00007112>	<http://purl.obolibrary.org/obo/FBdv_00018001>	<http://purl.obolibrary.org/obo/FBdv_00005369>
<http://purl.obolibrary.org/obo/FBdv_00007084>	<http://purl.obolibrary.org/obo/RO_0002087>	<http://purl.obolibrary.org/obo/FBdv_00007083>
<http://purl.obolibrary.org/obo/FBdv_00004450>	<http://purl.obolibrary.org/obo/FBdv_00018001>	<http://purl.obolibrary.org/obo/FBdv_00005321>
<http://purl.obolibrary.org/obo/FBdv_00005285>	<http://purl.obolibrary.org/obo/FBdv_00018001>	<http://purl.obolibrary.org/obo/FBdv_00005283>
<http://purl.obolibrary.org/obo/FBdv_00005336>	<http://purl.obolibrary.org/obo/RO_0002087>	<http://purl.obolibrary.org/obo/FBdv_00005289>
<http://purl.obolibrary.org/obo/FBdv_00007015>	<http://purl.obolibrary.org/obo/FBdv_00018001>	<http://purl.obolibrary.org/obo/FBdv_00005335>
<http://purl.obolibrary.org/obo/FBdv_00005311>	<http://purl.obolibrary.org/obo/RO_0002087>	<http://purl.obolibrary.org/obo/FBdv_00000054>
<http://purl.obolibrary.org/obo/FBdv_00005339>	<http://purl.obolibrary.org/obo/RO_0002087>	<http://purl.obolibrary.org/obo/FBdv_00005338>
<http://purl.obolibrary.org/obo/FBdv_00005349>	<http://purl.obolibrary.org/obo/RO_0002087>	<http://purl.obolibrary.org/obo/FBdv_00005342>
<http://purl.obolibrary.org/obo/FBdv_00005281>	<http://purl.obolibrary.org/obo/FBdv_00018001>	<http://purl.obolibrary.org/obo/FBdv_00005278>
<http://purl.obolibrary.org/obo/FBdv_00007100>	<http://purl.obolibrary.org/obo/FBdv_00018001>	<http://purl.obolibrary.org/obo/FBdv_00005369>
<http://purl.obolibrary.org/obo/FBdv_00005313>	<http://purl.obolibrary.org/obo/FBdv_00018001>	<http://purl.obolibrary.org/obo/FBdv_00005312>
<http://purl.obolibrary.org/obo/FBdv_00005263>	<http://purl.obolibrary.org/obo/RO_0002087>	<http://purl.obolibrary.org/obo/FBdv_00005262>
<http://purl.obolibrary.org/obo/FBdv_00007021>	<http://purl.obolibrary.org/obo/FBdv_00018001>	<http://purl.obolibrary.org/obo/FBdv_00005341>
<http://purl.obolibrary.org/obo/FBdv_00007102>	<http://purl.obolibrary.org/obo/RO_0002087>	<http://purl.obolibrary.org/obo/FBdv_00007101>
<http://purl.obolibrary.org/obo/FBdv_00007115>	<http://purl.obolibrary.org/obo/RO_0002087>	<http://purl.obolibrary.org/obo/FBdv_00007114>
<http://purl.obolibrary.org/obo/FBdv_00000054>	<http://purl.obolibrary.org/obo/RO_0002087>	<http://purl.obolibrary.org/obo/FBdv_00005288>
<http://purl.obolibrary.org/obo/FBdv_00007130>	<http://purl.obolibrary.org/obo/RO_0002087>	<http://purl.obolibrary.org/obo/FBdv_00007129>
<http://purl.obolibrary.org/obo/FBdv_00007026>	<http://purl.obolibrary.org/obo/RO_0002087>	<http://purl.obolibrary.org/obo/FBdv_00006012>
<http://purl.obolibrary.org/obo/FBdv_00005304>	<http://purl.obolibrary.org/obo/FBdv_00018001>	<http://purl.obolibrary.org/obo/FBdv_00005289>
<http://purl.obolibrary.org/obo/FBdv_00005335>	<http://purl.obolibrary.org/obo/RO_0002087>	<http://purl.obolibrary.org/obo/FBdv_00005334>
<http://purl.obolibrary.org/obo/FBdv_00005347>	<http://purl.obolibrary.org/obo/RO_0002087>	<http://purl.obolibrary.org/obo/FBdv_00005345>
<http://purl.obolibrary.org/obo/FBdv_00007086>	<http://purl.obolibrary.org/obo/FBdv_00018001>	<http://purl.obolibrary.org/obo/FBdv_00005369>
<http://purl.obolibrary.org/obo/FBdv_00007088>	<http://purl.obolibrary.org/obo/RO_0002087>	<http://purl.obolibrary.org/obo/FBdv_00007087>
<http://purl.obolibrary.org/obo/FBdv_00005368>	<http://purl.obolibrary.org/obo/FBdv_00018001>	<http://purl.obolibrary.org/obo/FBdv_00005366>
<http://purl.obolibrary.org/obo/FBdv_00005295>	<http://purl.obolibrary.org/obo/RO_0002087>	<http://purl.obolibrary.org/obo/FBdv_00005291>
<http://purl.obolibrary.org/obo/FBdv_00004450>	<http://purl.obolibrary.org/obo/RO_0002087>	<http://purl.obolibrary.org/obo/FBdv_00005324>
<http://purl.obolibrary.org/obo/FBdv_00007018>	<http://purl.obolibrary.org/obo/RO_0002087>	<http://purl.obolibrary.org/obo/FBdv_00007017>
<http://purl.obolibrary.org/obo/FBdv_00005280>	<http://purl.obolibrary.org/obo/RO_0002087>	<http://purl.obolibrary.org/obo/FBdv_00005279>
<http://purl.obolibrary.org/obo/FBdv_00005261>	<http://purl.obolibrary.org/obo/FBdv_00018001>	<http://purl.obolibrary.org/obo/FBdv_00004886>
<http://purl.obolibrary.org/obo/FBdv_00005285>	<http://purl.obolibrary.org/obo/RO_0002087>	<http://purl.obolibrary.org/obo/FBdv_00005284>
<http://purl.obolibrary.org/obo/FBdv_00005308>	<http://purl.obolibrary.org/obo/RO_0002087>	<http://purl.obolibrary.org/obo/FBdv_00005307>
<http://purl.obolibrary.org/obo/FBdv_00006011>	<http://purl.obolibrary.org/obo/RO_0002087>	<http://purl.obolibrary.org/obo/FBdv_00005354>
<http://purl.obolibrary.org/obo/FBdv_00007089>	<http://purl.obolibrary.org/obo/FBdv_00018001>	<http://purl.obolibrary.org/obo/FBdv_00005369>
<http://purl.obolibrary.org/obo/FBdv_00007025>	<http://purl.obolibrary.org/obo/FBdv_00018001>	<http://purl.obolibrary.org/obo/FBdv_00007075>
<http://purl.obolibrary.org/obo/FBdv_00005335>	<http://purl.obolibrary.org/obo/FBdv_00018001>	<http://purl.obolibrary.org/obo/FBdv_00005333>
<http://purl.obolibrary.org/obo/FBdv_00005323>	<http://purl.obolibrary.org/obo/RO_0002087>	<http://purl.obolibrary.org/obo/FBdv_00005317>
<http://purl.obolibrary.org/obo/FBdv_00007004>	<http://purl.obolibrary.org/obo/FBdv_00018001>	<http://purl.obolibrary.org/obo/FBdv_00007007>
<http://purl.obolibrary.org/obo/FBdv_00005287>	<http://purl.obolibrary.org/obo/FBdv_00018001>	<http://purl.obolibrary.org/obo/FBdv_00005286>
<http://purl.obolibrary.org/obo/FBdv_00005301>	<http://purl.obolibrary.org/obo/FBdv_00018001>	<http://purl.obolibrary.org/obo/FBdv_00005290>
<http://purl.obolibrary.org/obo/FBdv_00005279>	<http://purl.obolibrary.org/obo/RO_0002087>	<http://purl.obolibrary.org/obo/FBdv_00005277>
<http://purl.obolibrary.org/obo/FBdv_00005318>	<http://purl.obolibrary.org/obo/RO_0002087>	<http://purl.obolibrary.org/obo/FBdv_00005304>
<http://purl.obolibrary.org/obo/FBdv_00005280>	<http://purl.obolibrary.org/obo/FBdv_00018001>	<http://purl.obolibrary.org/obo/FBdv_00005278>
<http://purl.obolibrary.org/obo/FBdv_00006011>	<http://purl.obolibrary.org/obo/RO_0002090>	<http://purl.obolibrary.org/obo/FBdv_00005370>
<http://purl.obolibrary.org/obo/FBdv_00005295>	<http://purl.obolibrary.org/obo/FBdv_00018001>	<http://purl.obolibrary.org/obo/FBdv_00005293>
<http://purl.obolibrary.org/obo/FBdv_00005325>	<http://purl.obolibrary.org/obo/RO_0002087>	<http://purl.obolibrary.org/obo/FBdv_00005324>
<http://purl.obolibrary.org/obo/FBdv_00005273>	<http://purl.obolibrary.org/obo/RO_0002087>	<http://purl.obolibrary.org/obo/FBdv_00005270>
<http://purl.obolibrary.org/obo/FBdv_00007123>	<http://purl.obolibrary.org/obo/RO_0002087>	<http://purl.obolibrary.org/obo/FBdv_00007122>
<http://purl.obolibrary.org/obo/FBdv_00007016>	<http://purl.obolibrary.org/obo/RO_0002087>	<http://purl.obolibrary.org/obo/FBdv_00007015>
<http://purl.obolibrary.org/obo/FBdv_00005268>	<http://purl.obolibrary.org/obo/RO_0002087>	<http://purl.obolibrary.org/obo/FBdv_00005267>
<http://purl.obolibrary.org/obo/FBdv_00007021>	<http://purl.obolibrary.org/obo/RO_0002087>	<http://purl.obolibrary.org/obo/FBdv_00007020>
<http://purl.obolibrary.org/obo/FBdv_00005287>	<http://purl.obolibrary.org/obo/RO_0002087>	<http://purl.obolibrary.org/obo/FBdv_00005285>
<http://purl.obolibrary.org/obo/FBdv_0010003>	<http://purl.obolibrary.org/obo/FBdv_00018001>	<http://purl.obolibrary.org/obo/FBdv_00005369>
<http://purl.obolibrary.org/obo/FBdv_00007087>	<http://purl.obolibrary.org/obo/FBdv_00018001>	<http://purl.obolibrary.org/obo/FBdv_00005369>
<http://purl.obolibrary.org/obo/FBdv_00005366>	<http://purl.obolibrary.org/obo/RO_0002087>	<http://purl.obolibrary.org/obo/FBdv_00005365>
<http://purl.obolibrary.org/obo/FBdv_00007105>	<http://purl.obolibrary.org/obo/FBdv_00018001>	<http://purl.obolibrary.org/obo/FBdv_00005369>
<http://purl.obolibrary.org/obo/FBdv_00005275>	<http://purl.obolibrary.org/obo/RO_0002087>	<http://purl.obolibrary.org/obo/FBdv_00005273>
<http://purl.obolibrary.org/obo/FBdv_00005344>	<http://purl.obolibrary.org/obo/FBdv_00018001>	<http://purl.obolibrary.org/obo/FBdv_00005342>
<http://purl.obolibrary.org/obo/FBdv_0010010>	<http://purl.obolibrary.org/obo/FBdv_00018001>	<http://purl.obolibrary.org/obo/FBdv_00005369>
<http://purl.obolibrary.org/obo/FBdv_00005299>	<http://purl.obolibrary.org/obo/FBdv_00018001>	<http://purl.obolibrary.org/obo/FBdv_00005293>
<http://purl.obolibrary.org/obo/FBdv_00007103>	<http://purl.obolibrary.org/obo/RO_0002087>	<http://purl.obolibrary.org/obo/FBdv_00007102>
<http://purl.obolibrary.org/obo/FBdv_00005368>	<http://purl.obolibrary.org/obo/RO_0002087>	<http://purl.obolibrary.org/obo/FBdv_00005367>
<http://purl.obolibrary.org/obo/FBdv_00007005>	<http://purl.obolibrary.org/obo/RO_0002087>	<http://purl.obolibrary.org/obo/FBdv_00007004>
<http://purl.obolibrary.org/obo/FBdv_00005323>	<http://purl.obolibrary.org/obo/FBdv_00018001>	<http://purl.obolibrary.org/obo/FBdv_00014201>
<http://purl.obolibrary.org/obo/FBdv_00007135>	<http://purl.obolibrary.org/obo/FBdv_00018001>	<http://purl.obolibrary.org/obo/FBdv_00005369>
<http://purl.obolibrary.org/obo/FBdv_00007090>	<http://purl.obolibrary.org/obo/FBdv_00018001>	<http://purl.obolibrary.org/obo/FBdv_00005369>
<http://purl.obolibrary.org/obo/FBdv_00005342>	<http://purl.obolibrary.org/obo/RO_0002087>	<http://purl.obolibrary.org/obo/FBdv_00007007>
<http://purl.obolibrary.org/obo/FBdv_00005371>	<http://purl.obolibrary.org/obo/FBdv_00018001>	<http://purl.obolibrary.org/obo/FBdv_00007025>
<http://purl.obolibrary.org/obo/FBdv_00005294>	<http://purl.obolibrary.org/obo/RO_0002087>	<http://purl.obolibrary.org/obo/FBdv_00005292>
<http://purl.obolibrary.org/obo/FBdv_00005273>	<http://purl.obolibrary.org/obo/FBdv_00018001>	<http://purl.obolibrary.org/obo/FBdv_00004886>
<http://purl.obolibrary.org/obo/FBdv_00007097>	<http://purl.obolibrary.org/obo/RO_0002087>	<http://purl.obolibrary.org/obo/FBdv_00007096>
<http://purl.obolibrary.org/obo/FBdv_0010007>	<http://purl.obolibrary.org/obo/RO_0002087>	<http://purl.obolibrary.org/obo/FBdv_0010006>
<http://purl.obolibrary.org/obo/FBdv_00005360>	<http://purl.obolibrary.org/obo/FBdv_00018001>	<http://purl.obolibrary.org/obo/FBdv_00005358>
<http://purl.obolibrary.org/obo/FBdv_00005296>	<http://purl.obolibrary.org/obo/RO_0002087>	<http://purl.obolibrary.org/obo/FBdv_00005295>
<http://purl.obolibrary.org/obo/FBdv_00005301>	<http://purl.obolibrary.org/obo/RO_0002087>	<http://purl.obolibrary.org/obo/FBdv_00005293>
<http://purl.obolibrary.org/obo/FBdv_00005369>	<http://purl.obolibrary.org/obo/RO_0002087>	<http://purl.obolibrary.org/obo/FBdv_00006011>
<http://purl.obolibrary.org/obo/FBdv_00007110>	<http://purl.obolibrary.org/obo/RO_0002087>	<http://purl.obolibrary.org/obo/FBdv_00007109>
<http://purl.obolibrary.org/obo/FBdv_00007076>	<http://purl.obolibrary.org/obo/FBdv_00018001>	<http://purl.obolibrary.org/obo/FBdv_00005369>
<http://purl.obolibrary.org/obo/FBdv_0010001>	<http://purl.obolibrary.org/obo/FBdv_00018001>	<http://purl.obolibrary.org/obo/FBdv_00005369>
<http://purl.obolibrary.org/obo/FBdv_00007081>	<http://purl.obolibrary.org/obo/FBdv_00018001>	<http://purl.obolibrary.org/obo/FBdv_00005369>
<http://purl.obolibrary.org/obo/FBdv_00007132>	<http://purl.obolibrary.org/obo/RO_0002087>	<http://purl.obolibrary.org/obo/FBdv_00007131>
<http://purl.obolibrary.org/obo/FBdv_00005343>	<http://purl.obolibrary.org/obo/RO_0002087>	<http://purl.obolibrary.org/obo/FBdv_00007007>
<http://purl.obolibrary.org/obo/FBdv_0010008>	<http://purl.obolibrary.org/obo/FBdv_00018001>	<http://purl.obolibrary.org/obo/FBdv_00005369>
<http://purl.obolibrary.org/obo/FBdv_00005353>	<http://purl.obolibrary.org/obo/RO_0002087>	<http://purl.obolibrary.org/obo/FBdv_00005352>
<http://purl.obolibrary.org/obo/FBdv_00005324>	<http://purl.obolibrary.org/obo/RO_0002087>	<http://purl.obolibrary.org/obo/FBdv_00005323>
<http://purl.obolibrary.org/obo/FBdv_0010003>	<http://purl.obolibrary.org/obo/RO_0002087>	<http://purl.obolibrary.org/obo/FBdv_0010002>
<http://purl.obolibrary.org/obo/FBdv_00007111>	<http://purl.obolibrary.org/obo/FBdv_00018001>	<http://purl.obolibrary.org/obo/FBdv_00005369>
<http://purl.obolibrary.org/obo/FBdv_00007089>	<http://purl.obolibrary.org/obo/RO_0002087>	<http://purl.obolibrary.org/obo/FBdv_00007088>
<http://purl.obolibrary.org/obo/FBdv_00005344>	<http://purl.obolibrary.org/obo/RO_0002087>	<http://purl.obolibrary.org/obo/FBdv_00005343>
<http://purl.obolibrary.org/obo/FBdv_00005355>	<http://purl.obolibrary.org/obo/FBdv_00018001>	<http://purl.obolibrary.org/obo/FBdv_00006011>
<http://purl.obolibrary.org/obo/FBdv_00005307>	<http://purl.obolibrary.org/obo/FBdv_00018001>	<http://purl.obolibrary.org/obo/FBdv_00005306>
<http://purl.obolibrary.org/obo/FBdv_00007133>	<http://purl.obolibrary.org/obo/FBdv_00018001>	<http://purl.obolibrary.org/obo/FBdv_00005369>
<http://purl.obolibrary.org/obo/FBdv_00005354>	<http://purl.obolibrary.org/obo/FBdv_00018001>	<http://purl.obolibrary.org/obo/FBdv_00005349>
<http://purl.obolibrary.org/obo/FBdv_00007108>	<http://purl.obolibrary.org/obo/RO_0002087>	<http://purl.obolibrary.org/obo/FBdv_00007107>
<http://purl.obolibrary.org/obo/FBdv_00005262>	<http://purl.obolibrary.org/obo/RO_0002087>	<http://purl.obolibrary.org/obo/FBdv_00005261>
<http://purl.obolibrary.org/obo/FBdv_00007113>	<http://purl.obolibrary.org/obo/RO_0002087>	<http://purl.obolibrary.org/obo/FBdv_00007112>
<http://purl.obolibrary.org/obo/FBdv_00005350>	<http://purl.obolibrary.org/obo/RO_0002087>	<http://purl.obolibrary.org/obo/FBdv_00005348>
<http://purl.obolibrary.org/obo/FBdv_00005339>	<http://purl.obolibrary.org/obo/RO_0002090>	<http://purl.obolibrary.org/obo/FBdv_00007001>
<http://purl.obolibrary.org/obo/FBdv_00005309>	<http://purl.obolibrary.org/obo/RO_0002087>	<http://purl.obolibrary.org/obo/FBdv_00005308>
<http://purl.obolibrary.org/obo/FBdv_00007090>	<http://purl.obolibrary.org/obo/RO_0002087>	<http://purl.obolibrary.org/obo/FBdv_00007089>
<http://purl.obolibrary.org/obo/FBdv_00005336>	<http://purl.obolibrary.org/obo/RO_0002087>	<http://purl.obolibrary.org/obo/FBdv_00005335>
<http://purl.obolibrary.org/obo/FBdv_00005355>	<http://purl.obolibrary.org/obo/RO_0002087>	<http://purl.obolibrary.org/obo/FBdv_00005354>
<http://purl.obolibrary.org/obo/FBdv_00005337>	<http://purl.obolibrary.org/obo/RO_0002087>	<http://purl.obolibrary.org/obo/FBdv_00005289>
<http://purl.obolibrary.org/obo/FBdv_00007085>	<http://purl.obolibrary.org/obo/FBdv_00018001>	<http://purl.obolibrary.org/obo/FBdv_00005369>
<http://purl.obolibrary.org/obo/FBdv_00007096>	<http://purl.obolibrary.org/obo/RO_0002087>	<http://purl.obolibrary.org/obo/FBdv_00007095>
<http://purl.obolibrary.org/obo/FBdv_00005309>	<http://purl.obolibrary.org/obo/FBdv_00018001>	<http://purl.obolibrary.org/obo/FBdv_00005306>
<http://purl.obolibrary.org/obo/FBdv_00005338>	<http://purl.obolibrary.org/obo/RO_0002087>	<http://purl.obolibrary.org/obo/FBdv_00005337>
<http://purl.obolibrary.org/obo/FBdv_00005288>	<http://purl.obolibrary.org/obo/RO_0002087>	<http://purl.obolibrary.org/obo/FBdv_00005287>
<http://purl.obolibrary.org/obo/FBdv_00007075>	<http://purl.obolibrary.org/obo/RO_0002087>	<http://purl.obolibrary.org/obo/FBdv_00006011>
<http://purl.obolibrary.org/obo/FBdv_00007004>	<http://purl.obolibrary.org/obo/RO_0002087>	<http://purl.obolibrary.org/obo/FBdv_00007021>
<http://purl.obolibrary.org/obo/FBdv_00005316>	<http://purl.obolibrary.org/obo/RO_0002087>	<http://purl.obolibrary.org/obo/FBdv_00005315>
<http://purl.obolibrary.org/obo/FBdv_00007134>	<http://purl.obolibrary.org/obo/FBdv_00018001>	<http://purl.obolibrary.org/obo/FBdv_00005369>
<http://purl.obolibrary.org/obo/FBdv_00005332>	<http://purl.obolibrary.org/obo/RO_0002087>	<http://purl.obolibrary.org/obo/FBdv_00005330>
<http://purl.obolibrary.org/obo/FBdv_00007082>	<http://purl.obolibrary.org/obo/RO_0002087>	<http://purl.obolibrary.org/obo/FBdv_00007081>
<http://purl.obolibrary.org/obo/FBdv_0010005>	<http://purl.obolibrary.org/obo/FBdv_00018001>	<http://purl.obolibrary.org/obo/FBdv_00005369>
<http://purl.obolibrary.org/obo/FBdv_00007025>	<http://purl.obolibrary.org/obo/RO_0002087>	<http://purl.obolibrary.org/obo/FBdv_00006011>
<http://purl.obolibrary.org/obo/FBdv_00005337>	<http://purl.obolibrary.org/obo/FBdv_00018001>	<http://purl.obolibrary.org/obo/FBdv_00005336>
<http://purl.obolibrary.org/obo/FBdv_00005346>	<http://purl.obolibrary.org/obo/FBdv_00018001>	<http://purl.obolibrary.org/obo/FBdv_00005342>
<http://purl.obolibrary.org/obo/FBdv_00005282>	<http://purl.obolibrary.org/obo/FBdv_00018001>	<http://purl.obolibrary.org/obo/FBdv_00005278>
<http://purl.obolibrary.org/obo/FBdv_00005367>	<http://purl.obolibrary.org/obo/FBdv_00018001>	<http://purl.obolibrary.org/obo/FBdv_00005366>
<http://purl.obolibrary.org/obo/FBdv_00007120>	<http://purl.obolibrary.org/obo/FBdv_00018001>	<http://purl.obolibrary.org/obo/FBdv_00005369>
<http://purl.obolibrary.org/obo/FBdv_00005331>	<http://purl.obolibrary.org/obo/FBdv_00018001>	<http://purl.obolibrary.org/obo/FBdv_00005289>
<http://purl.obolibrary.org/obo/FBdv_00007017>	<http://purl.obolibrary.org/obo/FBdv_00018001>	<http://purl.obolibrary.org/obo/FBdv_00005335>
<http://purl.obolibrary.org/obo/FBdv_00007001>	<http://purl.obolibrary.org/obo/RO_0002087>	<http://purl.obolibrary.org/obo/FBdv_00005339>
<http://purl.obolibrary.org/obo/FBdv_00005323>	<http://purl.obolibrary.org/obo/RO_0002087>	<http://purl.obolibrary.org/obo/FBdv_00005322>
<http://purl.obolibrary.org/obo/FBdv_00005271>	<http://purl.obolibrary.org/obo/RO_0002087>	<http://purl.obolibrary.org/obo/FBdv_00005269>
<http://purl.obolibrary.org/obo/FBdv_00007126>	<http://purl.obolibrary.org/obo/FBdv_00018001>	<http://purl.obolibrary.org/obo/FBdv_00005369>
<http://purl.obolibrary.org/obo/FBdv_00005318>	<http://purl.obolibrary.org/obo/RO_0002087>	<http://purl.obolibrary.org/obo/FBdv_00005311>
<http://purl.obolibrary.org/obo/FBdv_00005322>	<http://purl.obolibrary.org/obo/FBdv_00018001>	<http://purl.obolibrary.org/obo/FBdv_00005317>
<http://purl.obolibrary.org/obo/FBdv_00005354>	<http://purl.obolibrary.org/obo/RO_0002087>	<http://purl.obolibrary.org/obo/FBdv_00005353>
<http://purl.obolibrary.org/obo/FBdv_00005303>	<http://purl.obolibrary.org/obo/FBdv_00018001>	<http://purl.obolibrary.org/obo/FBdv_00005306>
<http://purl.obolibrary.org/obo/FBdv_00005273>	<http://purl.obolibrary.org/obo/RO_0002087>	<http://purl.obolibrary.org/obo/FBdv_00005272>
<http://purl.obolibrary.org/obo/FBdv_00005278>	<http://purl.obolibrary.org/obo/RO_0002087>	<http://purl.obolibrary.org/obo/FBdv_00005274>
<http://purl.obolibrary.org/obo/FBdv_00007108>	<http://purl.obolibrary.org/obo/FBdv_00018001>	<http://purl.obolibrary.org/obo/FBdv_00005369>
<http://purl.obolibrary.org/obo/FBdv_00007128>	<http://purl.obolibrary.org/obo/RO_0002087>	<http://purl.obolibrary.org/obo/FBdv_00007127>
<http://purl.obolibrary.org/obo/FBdv_00007083>	<http://purl.obolibrary.org/obo/RO_0002087>	<http://purl.obolibrary.org/obo/FBdv_00007082>
<http://purl.obolibrary.org/obo/FBdv_00006011>	<http://purl.obolibrary.org/obo/FBdv_00018001>	<http://purl.obolibrary.org/obo/FBdv_00007001>
<http://purl.obolibrary.org/obo/FBdv_00005293>	<http://purl.obolibrary.org/obo/RO_0002087>	<http://purl.obolibrary.org/obo/FBdv_00005291>
<http://purl.obolibrary.org/obo/FBdv_00005370>	<http://purl.obolibrary.org/obo/FBdv_00018001>	<http://purl.obolibrary.org/obo/FBdv_00007025>
<http://purl.obolibrary.org/obo/FBdv_00007127>	<http://purl.obolibrary.org/obo/FBdv_00018001>	<http://purl.obolibrary.org/obo/FBdv_00005369>
<http://purl.obolibrary.org/obo/FBdv_00005272>	<http://purl.obolibrary.org/obo/FBdv_00018001>	<http://purl.obolibrary.org/obo/FBdv_00005270>
<http://purl.obolibrary.org/obo/FBdv_00007075>	<http://purl.obolibrary.org/obo/RO_0002087>	<http://purl.obolibrary.org/obo/FBdv_00005368>
<http://purl.obolibrary.org/obo/GO_0000278>	<http://purl.obolibrary.org/obo/BFO_0000051>	<http://purl.obolibrary.org/obo/GO_0140014>
<http://purl.obolibrary.org/obo/GO_0098763>	<http://purl.obolibrary.org/obo/RO_0002092>	<http://purl.obolibrary.org/obo/GO_0000278>
<http://purl.obolibrary.org/obo/GO_0045448>	<http://purl.obolibrary.org/obo/BFO_0000050>	<http://purl.obolibrary.org/obo/GO_0009790>
<http://purl.obolibrary.org/obo/GO_1903047>	<http://purl.obolibrary.org/obo/BFO_0000050>	<http://purl.obolibrary.org/obo/GO_0000278>
<http://purl.obolibrary.org/obo/GO_0022402>	<http://purl.obolibrary.org/obo/BFO_0000050>	<http://purl.obolibrary.org/obo/GO_0007049>
<http://purl.obolibrary.org/obo/FBdv_00005346>	<http://www.w3.org/2000/01/rdf-schema#subClassOf>	<http://purl.obolibrary.org/obo/FBdv_00005259>
<http://purl.obolibrary.org/obo/FBdv_00007015>	<http://www.w3.org/2000/01/rdf-schema#subClassOf>	<http://purl.obolibrary.org/obo/FBdv_00005259>
<http://purl.obolibrary.org/obo/FBdv_00007077>	<http://www.w3.org/2000/01/rdf-schema#subClassOf>	<http://purl.obolibrary.org/obo/FBdv_00007014>
<http://purl.obolibrary.org/obo/FBdv_00005297>	<http://www.w3.org/2000/01/rdf-schema#subClassOf>	<http://purl.obolibrary.org/obo/FBdv_00007011>
<http://purl.obolibrary.org/obo/FBdv_00005274>	<http://www.w3.org/2000/01/rdf-schema#subClassOf>	<http://purl.obolibrary.org/obo/FBdv_00005259>
<http://purl.obolibrary.org/obo/FBdv_00007110>	<http://www.w3.org/2000/01/rdf-schema#subClassOf>	<http://purl.obolibrary.org/obo/FBdv_00007014>
<http://purl.obolibrary.org/obo/FBdv_00007024>	<http://www.w3.org/2000/01/rdf-schema#subClassOf>	<http://purl.obolibrary.org/obo/BFO_0000003>
<http://purl.obolibrary.org/obo/FBdv_00000000>	<http://www.w3.org/2000/01/rdf-schema#subClassOf>	<http://purl.obolibrary.org/obo/BFO_0000003>
<http://purl.obolibrary.org/obo/FBdv_00007090>	<http://www.w3.org/2000/01/rdf-schema#subClassOf>	<http://purl.obolibrary.org/obo/FBdv_00007014>
<http://purl.obolibrary.org/obo/FBdv_00007095>	<http://www.w3.org/2000/01/rdf-schema#subClassOf>	<http://purl.obolibrary.org/obo/FBdv_00007014>
<http://purl.obolibrary.org/obo/FBdv_00005350>	<http://www.w3.org/2000/01/rdf-schema#subClassOf>	<http://purl.obolibrary.org/obo/FBdv_00005259>
<http://purl.obolibrary.org/obo/FBdv_00005289>	<http://www.w3.org/2000/01/rdf-schema#subClassOf>	<http://purl.obolibrary.org/obo/FBdv_00007012>
<http://purl.obolibrary.org/obo/FBdv_00005316>	<http://www.w3.org/2000/01/rdf-schema#subClassOf>	<http://purl.obolibrary.org/obo/FBdv_00007011>
<http://purl.obolibrary.org/obo/FBdv_00007082>	<http://www.w3.org/2000/01/rdf-schema#subClassOf>	<http://purl.obolibrary.org/obo/FBdv_00007014>
<http://purl.obolibrary.org/obo/FBdv_00005349>	<http://www.w3.org/2000/01/rdf-schema#subClassOf>	<http://purl.obolibrary.org/obo/FBdv_00007012>
<http://purl.obolibrary.org/obo/FBdv_00005259>	<http://www.w3.org/2000/01/rdf-schema#subClassOf>	<http://purl.obolibrary.org/obo/BFO_0000003>
<http://purl.obolibrary.org/obo/FBdv_00005322>	<http://www.w3.org/2000/01/rdf-schema#subClassOf>	<http://purl.obolibrary.org/obo/FBdv_00005259>
<http://purl.obolibrary.org/obo/FBdv_00005317>	<http://www.w3.org/2000/01/rdf-schema#subClassOf>	<http://purl.obolibrary.org/obo/FBdv_00005259>
<http://purl.obolibrary.org/obo/FBdv_00006011>	<http://www.w3.org/2000/01/rdf-schema#subClassOf>	<http://purl.obolibrary.org/obo/FBdv_00007012>
<http://purl.obolibrary.org/obo/FBdv_00007014>	<http://www.w3.org/2000/01/rdf-schema#subClassOf>	<http://purl.obolibrary.org/obo/FBdv_00007013>
<http://purl.obolibrary.org/obo/FBdv_00005356>	<http://www.w3.org/2000/01/rdf-schema#subClassOf>	<http://purl.obolibrary.org/obo/FBdv_00005259>
<http://purl.obolibrary.org/obo/FBdv_00005336>	<http://www.w3.org/2000/01/rdf-schema#subClassOf>	<http://purl.obolibrary.org/obo/FBdv_00007012>
<http://purl.obolibrary.org/obo/FBdv_00007100>	<http://www.w3.org/2000/01/rdf-schema#subClassOf>	<http://purl.obolibrary.org/obo/FBdv_00007014>
<http://purl.obolibrary.org/obo/FBdv_00007007>	<http://www.w3.org/2000/01/rdf-schema#subClassOf>	<http://purl.obolibrary.org/obo/FBdv_00005259>
<http://purl.obolibrary.org/obo/FBdv_00007002>	<http://www.w3.org/2000/01/rdf-schema#subClassOf>	<http://purl.obolibrary.org/obo/FBdv_00005259>
<http://purl.obolibrary.org/obo/FBdv_00005327>	<http://www.w3.org/2000/01/rdf-schema#subClassOf>	<http://purl.obolibrary.org/obo/FBdv_00005259>
<http://purl.obolibrary.org/obo/FBdv_00005365>	<http://www.w3.org/2000/01/rdf-schema#subClassOf>	<http://purl.obolibrary.org/obo/FBdv_00005259>
<http://purl.obolibrary.org/obo/FBdv_00007087>	<http://www.w3.org/2000/01/rdf-schema#subClassOf>	<http://purl.obolibrary.org/obo/FBdv_00007014>
<http://purl.obolibrary.org/obo/FBdv_00005269>	<http://www.w3.org/2000/01/rdf-schema#subClassOf>	<http://purl.obolibrary.org/obo/FBdv_00005259>
<http://purl.obolibrary.org/obo/FBdv_00005359>	<http://www.w3.org/2000/01/rdf-schema#subClassOf>	<http://purl.obolibrary.org/obo/FBdv_00005259>
<http://purl.obolibrary.org/obo/FBdv_0010008>	<http://www.w3.org/2000/01/rdf-schema#subClassOf>	<http://purl.obolibrary.org/obo/FBdv_00007014>
<http://purl.obolibrary.org/obo/FBdv_00007079>	<http://www.w3.org/2000/01/rdf-schema#subClassOf>	<http://purl.obolibrary.org/obo/FBdv_00007014>
<http://purl.obolibrary.org/obo/FBdv_00005294>	<http://www.w3.org/2000/01/rdf-schema#subClassOf>	<http://purl.obolibrary.org/obo/FBdv_00007011>
<http://purl.obolibrary.org/obo/FBdv_00007120>	<http://www.w3.org/2000/01/rdf-schema#subClassOf>	<http://purl.obolibrary.org/obo/FBdv_00007014>
<http://purl.obolibrary.org/obo/FBdv_00005304>	<http://www.w3.org/2000/01/rdf-schema#subClassOf>	<http://purl.obolibrary.org/obo/FBdv_00005259>
<http://purl.obolibrary.org/obo/FBdv_00005277>	<http://www.w3.org/2000/01/rdf-schema#subClassOf>	<http://purl.obolibrary.org/obo/FBdv_00005259>
<http://purl.obolibrary.org/obo/FBdv_00007112>	<http://www.w3.org/2000/01/rdf-schema#subClassOf>	<http://purl.obolibrary.org/obo/FBdv_00007014>
<http://purl.obolibrary.org/obo/FBdv_00007081>	<http://www.w3.org/2000/01/rdf-schema#subClassOf>	<http://purl.obolibrary.org/obo/FBdv_00007014>
<http://purl.obolibrary.org/obo/FBdv_00007005>	<http://www.w3.org/2000/01/rdf-schema#subClassOf>	<http://purl.obolibrary.org/obo/FBdv_00005259>
<http://purl.obolibrary.org/obo/FBdv_00005369>	<http://www.w3.org/2000/01/rdf-schema#subClassOf>	<http://purl.obolibrary.org/obo/FBdv_00007012>
<http://purl.obolibrary.org/obo/FBdv_00005261>	<http://www.w3.org/2000/01/rdf-schema#subClassOf>	<http://purl.obolibrary.org/obo/FBdv_00005259>
<http://purl.obolibrary.org/obo/FBdv_00007023>	<http://www.w3.org/2000/01/rdf-schema#subClassOf>	<http://purl.obolibrary.org/obo/FBdv_00007024>
<http://purl.obolibrary.org/obo/FBdv_00005321>	<http://www.w3.org/2000/01/rdf-schema#subClassOf>	<http://purl.obolibrary.org/obo/FBdv_00005259>
<http://purl.obolibrary.org/obo/FBdv_00007001>	<http://www.w3.org/2000/01/rdf-schema#subClassOf>	<http://purl.obolibrary.org/obo/FBdv_00007012>
<http://purl.obolibrary.org/obo/FBdv_00005338>	<http://www.w3.org/2000/01/rdf-schema#subClassOf>	<http://purl.obolibrary.org/obo/FBdv_00007012>
<http://purl.obolibrary.org/obo/FBdv_00007117>	<http://www.w3.org/2000/01/rdf-schema#subClassOf>	<http://purl.obolibrary.org/obo/FBdv_00007014>
<http://purl.obolibrary.org/obo/FBdv_00005340>	<http://www.w3.org/2000/01/rdf-schema#subClassOf>	<http://purl.obolibrary.org/obo/FBdv_00005259>
<http://purl.obolibrary.org/obo/FBdv_00005313>	<http://www.w3.org/2000/01/rdf-schema#subClassOf>	<http://purl.obolibrary.org/obo/FBdv_00007022>
<http://purl.obolibrary.org/obo/FBdv_00007091>	<http://www.w3.org/2000/01/rdf-schema#subClassOf>	<http://purl.obolibrary.org/obo/FBdv_00007014>
<http://purl.obolibrary.org/obo/FBdv_00007011>	<http://www.w3.org/2000/01/rdf-schema#subClassOf>	<http://purl.obolibrary.org/obo/GO_0045448>
<http://purl.obolibrary.org/obo/FBdv_00005292>	<http://www.w3.org/2000/01/rdf-schema#subClassOf>	<http://purl.obolibrary.org/obo/FBdv_00007011>
<http://purl.obolibrary.org/obo/FBdv_00005264>	<http://www.w3.org/2000/01/rdf-schema#subClassOf>	<http://purl.obolibrary.org/obo/FBdv_00005259>
<http://purl.obolibrary.org/obo/FBdv_00005371>	<http://www.w3.org/2000/01/rdf-schema#subClassOf>	<http://purl.obolibrary.org/obo/FBdv_00005259>
<http://purl.obolibrary.org/obo/FBdv_00005282>	<http://www.w3.org/2000/01/rdf-schema#subClassOf>	<http://purl.obolibrary.org/obo/FBdv_00005259>
<http://purl.obolibrary.org/obo/FBdv_00005358>	<http://www.w3.org/2000/01/rdf-schema#subClassOf>	<http://purl.obolibrary.org/obo/FBdv_00005259>
<http://purl.obolibrary.org/obo/FBdv_00007000>	<http://www.w3.org/2000/01/rdf-schema#subClassOf>	<http://purl.obolibrary.org/obo/FBdv_00007009>
<http://purl.obolibrary.org/obo/FBdv_00005355>	<http://www.w3.org/2000/01/rdf-schema#subClassOf>	<http://purl.obolibrary.org/obo/FBdv_00005259>
<http://purl.obolibrary.org/obo/FBdv_00005286>	<http://www.w3.org/2000/01/rdf-schema#subClassOf>	<http://purl.obolibrary.org/obo/FBdv_00005259>
<http://purl.obolibrary.org/obo/FBdv_00007004>	<http://www.w3.org/2000/01/rdf-schema#subClassOf>	<http://purl.obolibrary.org/obo/FBdv_00005259>
<http://purl.obolibrary.org/obo/FBdv_00007083>	<http://www.w3.org/2000/01/rdf-schema#subClassOf>	<http://purl.obolibrary.org/obo/FBdv_00007014>
<http://purl.obolibrary.org/obo/FBdv_00007009>	<http://www.w3.org/2000/01/rdf-schema#subClassOf>	<http://purl.obolibrary.org/obo/FBdv_00007024>
<http://purl.obolibrary.org/obo/FBdv_00004886>	<http://www.w3.org/2000/01/rdf-schema#subClassOf>	<http://purl.obolibrary.org/obo/FBdv_00007009>
<http://purl.obolibrary.org/obo/FBdv_0010004>	<http://www.w3.org/2000/01/rdf-schema#subClassOf>	<http://purl.obolibrary.org/obo/FBdv_00007014>
<http://purl.obolibrary.org/obo/FBdv_00005337>	<http://www.w3.org/2000/01/rdf-schema#subClassOf>	<http://purl.obolibrary.org/obo/FBdv_00007012>
<http://purl.obolibrary.org/obo/FBdv_00007075>	<http://www.w3.org/2000/01/rdf-schema#subClassOf>	<http://purl.obolibrary.org/obo/FBdv_00007014>
<http://purl.obolibrary.org/obo/FBdv_00005298>	<http://www.w3.org/2000/01/rdf-schema#subClassOf>	<http://purl.obolibrary.org/obo/FBdv_00007011>
<http://purl.obolibrary.org/obo/FBdv_00005295>	<http://www.w3.org/2000/01/rdf-schema#subClassOf>	<http://purl.obolibrary.org/obo/FBdv_00007011>
<http://purl.obolibrary.org/obo/FBdv_00005334>	<http://www.w3.org/2000/01/rdf-schema#subClassOf>	<http://purl.obolibrary.org/obo/FBdv_00005259>
<http://purl.obolibrary.org/obo/FBdv_00005267>	<http://www.w3.org/2000/01/rdf-schema#subClassOf>	<http://purl.obolibrary.org/obo/FBdv_00005259>
<http://purl.obolibrary.org/obo/FBdv_00007020>	<http://www.w3.org/2000/01/rdf-schema#subClassOf>	<http://purl.obolibrary.org/obo/FBdv_00005259>
<http://purl.obolibrary.org/obo/FBdv_00005330>	<http://www.w3.org/2000/01/rdf-schema#subClassOf>	<http://purl.obolibrary.org/obo/FBdv_00005259>
<http://purl.obolibrary.org/obo/FBdv_00005283>	<http://www.w3.org/2000/01/rdf-schema#subClassOf>	<http://purl.obolibrary.org/obo/FBdv_00005259>
<http://purl.obolibrary.org/obo/FBdv_00007019>	<http://www.w3.org/2000/01/rdf-schema#subClassOf>	<http://purl.obolibrary.org/obo/FBdv_00005259>
<http://purl.obolibrary.org/obo/FBdv_00005357>	<http://www.w3.org/2000/01/rdf-schema#subClassOf>	<http://purl.obolibrary.org/obo/FBdv_00005259>
<http://purl.obolibrary.org/obo/FBdv_00005276>	<http://www.w3.org/2000/01/rdf-schema#subClassOf>	<http://purl.obolibrary.org/obo/FBdv_00005259>
<http://purl.obolibrary.org/obo/FBdv_00005362>	<http://www.w3.org/2000/01/rdf-schema#subClassOf>	<http://purl.obolibrary.org/obo/FBdv_00005259>
<http://purl.obolibrary.org/obo/FBdv_00007011>	<http://www.w3.org/2000/01/rdf-schema#subClassOf>	<http://purl.obolibrary.org/obo/FBdv_00007024>
<http://purl.obolibrary.org/obo/FBdv_0010009>	<http://www.w3.org/2000/01/rdf-schema#subClassOf>	<http://purl.obolibrary.org/obo/FBdv_00007014>
<http://purl.obolibrary.org/obo/FBdv_00005308>	<http://www.w3.org/2000/01/rdf-schema#subClassOf>	<http://purl.obolibrary.org/obo/FBdv_00007011>
<http://purl.obolibrary.org/obo/FBdv_00007105>	<http://www.w3.org/2000/01/rdf-schema#subClassOf>	<http://purl.obolibrary.org/obo/FBdv_00007014>
<http://purl.obolibrary.org/obo/FBdv_00005311>	<http://www.w3.org/2000/01/rdf-schema#subClassOf>	<http://purl.obolibrary.org/obo/FBdv_00005259>
<http://purl.obolibrary.org/obo/FBdv_00007021>	<http://www.w3.org/2000/01/rdf-schema#subClassOf>	<http://purl.obolibrary.org/obo/FBdv_00005259>
<http://purl.obolibrary.org/obo/FBdv_00007133>	<http://www.w3.org/2000/01/rdf-schema#subClassOf>	<http://purl.obolibrary.org/obo/FBdv_00007014>
<http://purl.obolibrary.org/obo/FBdv_00005348>	<http://www.w3.org/2000/01/rdf-schema#subClassOf>	<http://purl.obolibrary.org/obo/FBdv_00005259>
<http://purl.obolibrary.org/obo/FBdv_00007017>	<http://www.w3.org/2000/01/rdf-schema#subClassOf>	<http://purl.obolibrary.org/obo/FBdv_00005259>
<http://purl.obolibrary.org/obo/FBdv_00005273>	<http://www.w3.org/2000/01/rdf-schema#subClassOf>	<http://purl.obolibrary.org/obo/FBdv_00005259>
<http://purl.obolibrary.org/obo/FBdv_00007125>	<http://www.w3.org/2000/01/rdf-schema#subClassOf>	<http://purl.obolibrary.org/obo/FBdv_00007014>
<http://purl.obolibrary.org/obo/FBdv_00000054>	<http://www.w3.org/2000/01/rdf-schema#subClassOf>	<http://purl.obolibrary.org/obo/FBdv_00005259>
<http://purl.obolibrary.org/obo/FBdv_0010006>	<http://www.w3.org/2000/01/rdf-schema#subClassOf>	<http://purl.obolibrary.org/obo/FBdv_00007014>
<http://purl.obolibrary.org/obo/FBdv_00005339>	<http://www.w3.org/2000/01/rdf-schema#subClassOf>	<http://purl.obolibrary.org/obo/FBdv_00007012>
<http://purl.obolibrary.org/obo/FBdv_00005266>	<http://www.w3.org/2000/01/rdf-schema#subClassOf>	<http://purl.obolibrary.org/obo/FBdv_00005259>
<http://purl.obolibrary.org/obo/FBdv_00005370>	<http://www.w3.org/2000/01/rdf-schema#subClassOf>	<http://purl.obolibrary.org/obo/FBdv_00005259>
<http://purl.obolibrary.org/obo/FBdv_00005352>	<http://www.w3.org/2000/01/rdf-schema#subClassOf>	<http://purl.obolibrary.org/obo/FBdv_00005259>
<http://purl.obolibrary.org/obo/FBdv_00005328>	<http://www.w3.org/2000/01/rdf-schema#subClassOf>	<http://purl.obolibrary.org/obo/FBdv_00005259>
<http://purl.obolibrary.org/obo/FBdv_00005306>	<http://www.w3.org/2000/01/rdf-schema#subClassOf>	<http://purl.obolibrary.org/obo/FBdv_00005259>
<http://purl.obolibrary.org/obo/FBdv_00005361>	<http://www.w3.org/2000/01/rdf-schema#subClassOf>	<http://purl.obolibrary.org/obo/FBdv_00005259>
<http://purl.obolibrary.org/obo/FBdv_00005301>	<http://www.w3.org/2000/01/rdf-schema#subClassOf>	<http://purl.obolibrary.org/obo/FBdv_00005259>
<http://purl.obolibrary.org/obo/FBdv_00005299>	<http://www.w3.org/2000/01/rdf-schema#subClassOf>	<http://purl.obolibrary.org/obo/FBdv_00007011>
<http://purl.obolibrary.org/obo/FBdv_00005333>	<http://www.w3.org/2000/01/rdf-schema#subClassOf>	<http://purl.obolibrary.org/obo/FBdv_00005259>
<http://purl.obolibrary.org/obo/FBdv_00005314>	<http://www.w3.org/2000/01/rdf-schema#subClassOf>	<http://purl.obolibrary.org/obo/FBdv_00007023>
<http://purl.obolibrary.org/obo/FBdv_00005367>	<http://www.w3.org/2000/01/rdf-schema#subClassOf>	<http://purl.obolibrary.org/obo/FBdv_00005259>
<http://purl.obolibrary.org/obo/FBdv_00005342>	<http://www.w3.org/2000/01/rdf-schema#subClassOf>	<http://purl.obolibrary.org/obo/FBdv_00007012>
<http://purl.obolibrary.org/obo/FBdv_00005332>	<http://www.w3.org/2000/01/rdf-schema#subClassOf>	<http://purl.obolibrary.org/obo/FBdv_00005259>
<http://purl.obolibrary.org/obo/FBdv_00007135>	<http://www.w3.org/2000/01/rdf-schema#subClassOf>	<http://purl.obolibrary.org/obo/FBdv_00007014>
<http://purl.obolibrary.org/obo/FBdv_0010005>	<http://www.w3.org/2000/01/rdf-schema#subClassOf>	<http://purl.obolibrary.org/obo/FBdv_00007014>
<http://purl.obolibrary.org/obo/FBdv_00007101>	<http://www.w3.org/2000/01/rdf-schema#subClassOf>	<http://purl.obolibrary.org/obo/FBdv_00007014>
<http://purl.obolibrary.org/obo/FBdv_00005309>	<http://www.w3.org/2000/01/rdf-schema#subClassOf>	<http://purl.obolibrary.org/obo/FBdv_00007011>
<http://purl.obolibrary.org/obo/FBdv_00007127>	<http://www.w3.org/2000/01/rdf-schema#subClassOf>	<http://purl.obolibrary.org/obo/FBdv_00007014>
<http://purl.obolibrary.org/obo/FBdv_00007096>	<http://www.w3.org/2000/01/rdf-schema#subClassOf>	<http://purl.obolibrary.org/obo/FBdv_00007014>
<http://purl.obolibrary.org/obo/FBdv_00005364>	<http://www.w3.org/2000/01/rdf-schema#subClassOf>	<http://purl.obolibrary.org/obo/FBdv_00005259>
<http://purl.obolibrary.org/obo/FBdv_00005279>	<http://www.w3.org/2000/01/rdf-schema#subClassOf>	<http://purl.obolibrary.org/obo/FBdv_00005259>
<http://purl.obolibrary.org/obo/FBdv_00005335>	<http://www.w3.org/2000/01/rdf-schema#subClassOf>	<http://purl.obolibrary.org/obo/FBdv_00005259>
<http://purl.obolibrary.org/obo/FBdv_00007088>	<http://www.w3.org/2000/01/rdf-schema#subClassOf>	<http://purl.obolibrary.org/obo/FBdv_00007014>
<http://purl.obolibrary.org/obo/FBdv_00006012>	<http://www.w3.org/2000/01/rdf-schema#subClassOf>	<http://purl.obolibrary.org/obo/FBdv_00005259>
<http://purl.obolibrary.org/obo/FBdv_00005263>	<http://www.w3.org/2000/01/rdf-schema#subClassOf>	<http://purl.obolibrary.org/obo/FBdv_00005259>
<http://purl.obolibrary.org/obo/FBdv_00007134>	<http://www.w3.org/2000/01/rdf-schema#subClassOf>	<http://purl.obolibrary.org/obo/FBdv_00007014>
<http://purl.obolibrary.org/obo/FBdv_00007016>	<http://www.w3.org/2000/01/rdf-schema#subClassOf>	<http://purl.obolibrary.org/obo/FBdv_00005259>
<http://purl.obolibrary.org/obo/FBdv_00007106>	<http://www.w3.org/2000/01/rdf-schema#subClassOf>	<http://purl.obolibrary.org/obo/FBdv_00007014>
<http://purl.obolibrary.org/obo/FBdv_00005315>	<http://www.w3.org/2000/01/rdf-schema#subClassOf>	<http://purl.obolibrary.org/obo/FBdv_00007011>
<http://purl.obolibrary.org/obo/FBdv_00005272>	<http://www.w3.org/2000/01/rdf-schema#subClassOf>	<http://purl.obolibrary.org/obo/FBdv_00005259>
<http://purl.obolibrary.org/obo/FBdv_00007121>	<http://www.w3.org/2000/01/rdf-schema#subClassOf>	<http://purl.obolibrary.org/obo/FBdv_00007014>
<http://purl.obolibrary.org/obo/FBdv_00005288>	<http://www.w3.org/2000/01/rdf-schema#subClassOf>	<http://purl.obolibrary.org/obo/FBdv_00005259>
<http://purl.obolibrary.org/obo/FBdv_00005319>	<http://www.w3.org/2000/01/rdf-schema#subClassOf>	<http://purl.obolibrary.org/obo/FBdv_00005259>
<http://purl.obolibrary.org/obo/FBdv_00005323>	<http://www.w3.org/2000/01/rdf-schema#subClassOf>	<http://purl.obolibrary.org/obo/FBdv_00005259>
<http://purl.obolibrary.org/obo/FBdv_00005302>	<http://www.w3.org/2000/01/rdf-schema#subClassOf>	<http://purl.obolibrary.org/obo/FBdv_00007011>
<http://purl.obolibrary.org/obo/FBdv_0010002>	<http://www.w3.org/2000/01/rdf-schema#subClassOf>	<http://purl.obolibrary.org/obo/FBdv_00007014>
<http://purl.obolibrary.org/obo/FBdv_0010010>	<http://www.w3.org/2000/01/rdf-schema#subClassOf>	<http://purl.obolibrary.org/obo/FBdv_00007014>
<http://purl.obolibrary.org/obo/FBdv_00005351>	<http://www.w3.org/2000/01/rdf-schema#subClassOf>	<http://purl.obolibrary.org/obo/FBdv_00005259>
<http://purl.obolibrary.org/obo/FBdv_00007026>	<http://www.w3.org/2000/01/rdf-schema#subClassOf>	<http://purl.obolibrary.org/obo/FBdv_00007012>
<http://purl.obolibrary.org/obo/FBdv_00005312>	<http://www.w3.org/2000/01/rdf-schema#subClassOf>	<http://purl.obolibrary.org/obo/FBdv_00007011>
<http://purl.obolibrary.org/obo/FBdv_00007126>	<http://www.w3.org/2000/01/rdf-schema#subClassOf>	<http://purl.obolibrary.org/obo/FBdv_00007014>
<http://purl.obolibrary.org/obo/FBdv_00005354>	<http://www.w3.org/2000/01/rdf-schema#subClassOf>	<http://purl.obolibrary.org/obo/FBdv_00005259>
<http://purl.obolibrary.org/obo/FBdv_00007018>	<http://www.w3.org/2000/01/rdf-schema#subClassOf>	<http://purl.obolibrary.org/obo/FBdv_00005259>
<http://purl.obolibrary.org/obo/FBdv_0010007>	<http://www.w3.org/2000/01/rdf-schema#subClassOf>	<http://purl.obolibrary.org/obo/FBdv_00007014>
<http://purl.obolibrary.org/obo/FBdv_00007103>	<http://www.w3.org/2000/01/rdf-schema#subClassOf>	<http://purl.obolibrary.org/obo/FBdv_00007014>
<http://purl.obolibrary.org/obo/FBdv_00005291>	<http://www.w3.org/2000/01/rdf-schema#subClassOf>	<http://purl.obolibrary.org/obo/FBdv_00005259>
<http://purl.obolibrary.org/obo/FBdv_00007113>	<http://www.w3.org/2000/01/rdf-schema#subClassOf>	<http://purl.obolibrary.org/obo/FBdv_00007014>
<http://purl.obolibrary.org/obo/FBdv_00007118>	<http://www.w3.org/2000/01/rdf-schema#subClassOf>	<http://purl.obolibrary.org/obo/FBdv_00007014>
<http://purl.obolibrary.org/obo/FBdv_00005325>	<http://www.w3.org/2000/01/rdf-schema#subClassOf>	<http://purl.obolibrary.org/obo/FBdv_00005259>
<http://purl.obolibrary.org/obo/FBdv_00007098>	<http://www.w3.org/2000/01/rdf-schema#subClassOf>	<http://purl.obolibrary.org/obo/FBdv_00007014>
<http://purl.obolibrary.org/obo/FBdv_00005262>	<http://www.w3.org/2000/01/rdf-schema#subClassOf>	<http://purl.obolibrary.org/obo/FBdv_00005259>
<http://purl.obolibrary.org/obo/FBdv_00007131>	<http://www.w3.org/2000/01/rdf-schema#subClassOf>	<http://purl.obolibrary.org/obo/FBdv_00007014>
<http://purl.obolibrary.org/obo/FBdv_00005281>	<http://www.w3.org/2000/01/rdf-schema#subClassOf>	<http://purl.obolibrary.org/obo/FBdv_00005259>
<http://purl.obolibrary.org/obo/FBdv_00005331>	<http://www.w3.org/2000/01/rdf-schema#subClassOf>	<http://purl.obolibrary.org/obo/FBdv_00005259>
<http://purl.obolibrary.org/obo/FBdv_0010001>	<http://www.w3.org/2000/01/rdf-schema#subClassOf>	<http://purl.obolibrary.org/obo/FBdv_00007014>
<http://purl.obolibrary.org/obo/FBdv_00007108>	<http://www.w3.org/2000/01/rdf-schema#subClassOf>	<http://purl.obolibrary.org/obo/FBdv_00007014>
<http://purl.obolibrary.org/obo/FBdv_00007123>	<http://www.w3.org/2000/01/rdf-schema#subClassOf>	<http://purl.obolibrary.org/obo/FBdv_00007014>
<http://purl.obolibrary.org/obo/FBdv_00007092>	<http://www.w3.org/2000/01/rdf-schema#subClassOf>	<http://purl.obolibrary.org/obo/FBdv_00007014>
<http://purl.obolibrary.org/obo/FBdv_00007097>	<http://www.w3.org/2000/01/rdf-schema#subClassOf>	<http://purl.obolibrary.org/obo/FBdv_00007014>
<http://purl.obolibrary.org/obo/FBdv_00005318>	<http://www.w3.org/2000/01/rdf-schema#subClassOf>	<http://purl.obolibrary.org/obo/FBdv_00005259>
<http://purl.obolibrary.org/obo/FBdv_00005285>	<http://www.w3.org/2000/01/rdf-schema#subClassOf>	<http://purl.obolibrary.org/obo/FBdv_00005259>
<http://purl.obolibrary.org/obo/FBdv_00005345>	<http://www.w3.org/2000/01/rdf-schema#subClassOf>	<http://purl.obolibrary.org/obo/FBdv_00005259>
<http://purl.obolibrary.org/obo/FBdv_00007025>	<http://www.w3.org/2000/01/rdf-schema#subClassOf>	<http://purl.obolibrary.org/obo/FBdv_00007012>
<http://purl.obolibrary.org/obo/FBdv_00005278>	<http://www.w3.org/2000/01/rdf-schema#subClassOf>	<http://purl.obolibrary.org/obo/FBdv_00005259>
<http://purl.obolibrary.org/obo/FBdv_00007003>	<http://www.w3.org/2000/01/rdf-schema#subClassOf>	<http://purl.obolibrary.org/obo/FBdv_00005259>
<http://purl.obolibrary.org/obo/FBdv_00007084>	<http://www.w3.org/2000/01/rdf-schema#subClassOf>	<http://purl.obolibrary.org/obo/FBdv_00007014>
<http://purl.obolibrary.org/obo/FBdv_00005341>	<http://www.w3.org/2000/01/rdf-schema#subClassOf>	<http://purl.obolibrary.org/obo/FBdv_00005259>
<http://purl.obolibrary.org/obo/FBdv_00007130>	<http://www.w3.org/2000/01/rdf-schema#subClassOf>	<http://purl.obolibrary.org/obo/FBdv_00007014>
<http://purl.obolibrary.org/obo/FBdv_00004450>	<http://www.w3.org/2000/01/rdf-schema#subClassOf>	<http://purl.obolibrary.org/obo/FBdv_00005259>
<http://purl.obolibrary.org/obo/FBdv_00005368>	<http://www.w3.org/2000/01/rdf-schema#subClassOf>	<http://purl.obolibrary.org/obo/FBdv_00005259>
<http://purl.obolibrary.org/obo/FBdv_00007102>	<http://www.w3.org/2000/01/rdf-schema#subClassOf>	<http://purl.obolibrary.org/obo/FBdv_00007014>
<http://purl.obolibrary.org/obo/FBdv_00007107>	<http://www.w3.org/2000/01/rdf-schema#subClassOf>	<http://purl.obolibrary.org/obo/FBdv_00007014>
<http://purl.obolibrary.org/obo/FBdv_00007128>	<http://www.w3.org/2000/01/rdf-schema#subClassOf>	<http://purl.obolibrary.org/obo/FBdv_00007014>
<http://purl.obolibrary.org/obo/FBdv_00005303>	<http://www.w3.org/2000/01/rdf-schema#subClassOf>	<http://purl.obolibrary.org/obo/FBdv_00007011>
<http://purl.obolibrary.org/obo/FBdv_00007115>	<http://www.w3.org/2000/01/rdf-schema#subClassOf>	<http://purl.obolibrary.org/obo/FBdv_00007014>
<http://purl.obolibrary.org/obo/FBdv_00005271>	<http://www.w3.org/2000/01/rdf-schema#subClassOf>	<http://purl.obolibrary.org/obo/FBdv_00005259>
<http://purl.obolibrary.org/obo/FBdv_00007089>	<http://www.w3.org/2000/01/rdf-schema#subClassOf>	<http://purl.obolibrary.org/obo/FBdv_00007014>
<http://purl.obolibrary.org/obo/FBdv_00005360>	<http://www.w3.org/2000/01/rdf-schema#subClassOf>	<http://purl.obolibrary.org/obo/FBdv_00005259>
<http://purl.obolibrary.org/obo/FBdv_00005347>	<http://www.w3.org/2000/01/rdf-schema#subClassOf>	<http://purl.obolibrary.org/obo/FBdv_00005259>
<http://purl.obolibrary.org/obo/FBdv_00014201>	<http://www.w3.org/2000/01/rdf-schema#subClassOf>	<http://purl.obolibrary.org/obo/FBdv_00005259>
<http://purl.obolibrary.org/obo/FBdv_00007076>	<http://www.w3.org/2000/01/rdf-schema#subClassOf>	<http://purl.obolibrary.org/obo/FBdv_00007014>
<http://purl.obolibrary.org/obo/FBdv_00007006>	<http://www.w3.org/2000/01/rdf-schema#subClassOf>	<http://purl.obolibrary.org/obo/FBdv_00005259>
<http://purl.obolibrary.org/obo/FBdv_00005296>	<http://www.w3.org/2000/01/rdf-schema#subClassOf>	<http://purl.obolibrary.org/obo/FBdv_00007011>
<http://purl.obolibrary.org/obo/FBdv_00005275>	<http://www.w3.org/2000/01/rdf-schema#subClassOf>	<http://purl.obolibrary.org/obo/FBdv_00005259>
<http://purl.obolibrary.org/obo/FBdv_00005344>	<http://www.w3.org/2000/01/rdf-schema#subClassOf>	<http://purl.obolibrary.org/obo/FBdv_00005259>
<http://purl.obolibrary.org/obo/FBdv_00007122>	<http://www.w3.org/2000/01/rdf-schema#subClassOf>	<http://purl.obolibrary.org/obo/FBdv_00007014>
<http://purl.obolibrary.org/obo/FBdv_00005280>	<http://www.w3.org/2000/01/rdf-schema#subClassOf>	<http://purl.obolibrary.org/obo/FBdv_00005259>
<http://purl.obolibrary.org/obo/FBdv_00005353>	<http://www.w3.org/2000/01/rdf-schema#subClassOf>	<http://purl.obolibrary.org/obo/FBdv_00005259>
<http://purl.obolibrary.org/obo/FBdv_0010003>	<http://www.w3.org/2000/01/rdf-schema#subClassOf>	<http://purl.obolibrary.org/obo/FBdv_00007014>
<http://purl.obolibrary.org/obo/FBdv_00005307>	<http://www.w3.org/2000/01/rdf-schema#subClassOf>	<http://purl.obolibrary.org/obo/FBdv_00007011>
<http://purl.obolibrary.org/obo/FBdv_00007114>	<http://www.w3.org/2000/01/rdf-schema#subClassOf>	<http://purl.obolibrary.org/obo/FBdv_00007014>
<http://purl.obolibrary.org/obo/FBdv_00005290>	<http://www.w3.org/2000/01/rdf-schema#subClassOf>	<http://purl.obolibrary.org/obo/FBdv_00005259>
<http://purl.obolibrary.org/obo/FBdv_00005268>	<http://www.w3.org/2000/01/rdf-schema#subClassOf>	<http://purl.obolibrary.org/obo/FBdv_00005259>
<http://purl.obolibrary.org/obo/FBdv_00007094>	<http://www.w3.org/2000/01/rdf-schema#subClassOf>	<http://purl.obolibrary.org/obo/FBdv_00007014>
<http://purl.obolibrary.org/obo/FBdv_00005324>	<http://www.w3.org/2000/01/rdf-schema#subClassOf>	<http://purl.obolibrary.org/obo/FBdv_00005259>
<http://purl.obolibrary.org/obo/FBdv_00007099>	<http://www.w3.org/2000/01/rdf-schema#subClassOf>	<http://purl.obolibrary.org/obo/FBdv_00007014>
<http://purl.obolibrary.org/obo/FBdv_00005284>	<http://www.w3.org/2000/01/rdf-schema#subClassOf>	<http://purl.obolibrary.org/obo/FBdv_00005259>
<http://purl.obolibrary.org/obo/FBdv_00007086>	<http://www.w3.org/2000/01/rdf-schema#subClassOf>	<http://purl.obolibrary.org/obo/FBdv_00007014>
<http://purl.obolibrary.org/obo/FBdv_00007132>	<http://www.w3.org/2000/01/rdf-schema#subClassOf>	<http://purl.obolibrary.org/obo/FBdv_00007014>
<http://purl.obolibrary.org/obo/FBdv_00005363>	<http://www.w3.org/2000/01/rdf-schema#subClassOf>	<http://purl.obolibrary.org/obo/FBdv_00005259>
<http://purl.obolibrary.org/obo/FBdv_00005300>	<http://www.w3.org/2000/01/rdf-schema#subClassOf>	<http://purl.obolibrary.org/obo/FBdv_00007011>
<http://purl.obolibrary.org/obo/FBdv_00007104>	<http://www.w3.org/2000/01/rdf-schema#subClassOf>	<http://purl.obolibrary.org/obo/FBdv_00007014>
<http://purl.obolibrary.org/obo/FBdv_00007109>	<http://www.w3.org/2000/01/rdf-schema#subClassOf>	<http://purl.obolibrary.org/obo/FBdv_00007014>
<http://purl.obolibrary.org/obo/FBdv_00007119>	<http://www.w3.org/2000/01/rdf-schema#subClassOf>	<http://purl.obolibrary.org/obo/FBdv_00007014>
<http://purl.obolibrary.org/obo/FBdv_00005265>	<http://www.w3.org/2000/01/rdf-schema#subClassOf>	<http://purl.obolibrary.org/obo/FBdv_00005259>
<http://purl.obolibrary.org/obo/FBdv_00007093>	<http://www.w3.org/2000/01/rdf-schema#subClassOf>	<http://purl.obolibrary.org/obo/FBdv_00007014>
<http://purl.obolibrary.org/obo/FBdv_00007080>	<http://www.w3.org/2000/01/rdf-schema#subClassOf>	<http://purl.obolibrary.org/obo/FBdv_00007014>
<http://purl.obolibrary.org/obo/FBdv_00007022>	<http://www.w3.org/2000/01/rdf-schema#subClassOf>	<http://purl.obolibrary.org/obo/FBdv_00007024>
<http://purl.obolibrary.org/obo/FBdv_00005287>	<http://www.w3.org/2000/01/rdf-schema#subClassOf>	<http://purl.obolibrary.org/obo/FBdv_00005259>
<http://purl.obolibrary.org/obo/FBdv_00007078>	<http://www.w3.org/2000/01/rdf-schema#subClassOf>	<http://purl.obolibrary.org/obo/FBdv_00007014>
<http://purl.obolibrary.org/obo/FBdv_00005293>	<http://www.w3.org/2000/01/rdf-schema#subClassOf>	<http://purl.obolibrary.org/obo/FBdv_00005259>
<http://purl.obolibrary.org/obo/FBdv_00005343>	<http://www.w3.org/2000/01/rdf-schema#subClassOf>	<http://purl.obolibrary.org/obo/FBdv_00005259>
<http://purl.obolibrary.org/obo/FBdv_00007124>	<http://www.w3.org/2000/01/rdf-schema#subClassOf>	<http://purl.obolibrary.org/obo/FBdv_00007014>
<http://purl.obolibrary.org/obo/FBdv_00007129>	<http://www.w3.org/2000/01/rdf-schema#subClassOf>	<http://purl.obolibrary.org/obo/FBdv_00007014>
<http://purl.obolibrary.org/obo/FBdv_00007013>	<http://www.w3.org/2000/01/rdf-schema#subClassOf>	<http://purl.obolibrary.org/obo/BFO_0000003>
<http://purl.obolibrary.org/obo/FBdv_00005366>	<http://www.w3.org/2000/01/rdf-schema#subClassOf>	<http://purl.obolibrary.org/obo/FBdv_00005259>
<http://purl.obolibrary.org/obo/FBdv_00007012>	<http://www.w3.org/2000/01/rdf-schema#subClassOf>	<http://purl.obolibrary.org/obo/FBdv_00005259>
<http://purl.obolibrary.org/obo/FBdv_00007111>	<http://www.w3.org/2000/01/rdf-schema#subClassOf>	<http://purl.obolibrary.org/obo/FBdv_00007014>
<http://purl.obolibrary.org/obo/FBdv_00007116>	<http://www.w3.org/2000/01/rdf-schema#subClassOf>	<http://purl.obolibrary.org/obo/FBdv_00007014>
<http://purl.obolibrary.org/obo/FBdv_00005270>	<http://www.w3.org/2000/01/rdf-schema#subClassOf>	<http://purl.obolibrary.org/obo/FBdv_00005259>
<http://purl.obolibrary.org/obo/FBdv_00007085>	<http://www.w3.org/2000/01/rdf-schema#subClassOf>	<http://purl.obolibrary.org/obo/FBdv_00007014>
<http://purl.obolibrary.org/obo/GO_0048285>	<http://www.w3.org/2000/01/rdf-schema#subClassOf>	<http://purl.obolibrary.org/obo/GO_0006996>
<http://purl.obolibrary.org/obo/GO_0007049>	<http://www.w3.org/2000/01/rdf-schema#subClassOf>	<http://purl.obolibrary.org/obo/GO_0009987>
<http://purl.obolibrary.org/obo/GO_0000279>	<http://www.w3.org/2000/01/rdf-schema#subClassOf>	<http://purl.obolibrary.org/obo/GO_0022403>
<http://purl.obolibrary.org/obo/GO_0009987>	<http://www.w3.org/2000/01/rdf-schema#subClassOf>	<http://purl.obolibrary.org/obo/GO_0008150>
<http://purl.obolibrary.org/obo/GO_0016043>	<http://www.w3.org/2000/01/rdf-schema#subClassOf>	<http://purl.obolibrary.org/obo/GO_0071840>
<http://purl.obolibrary.org/obo/GO_0000087>	<http://www.w3.org/2000/01/rdf-schema#subClassOf>	<http://purl.obolibrary.org/obo/GO_0000279>
<http://purl.obolibrary.org/obo/GO_0007275>	<http://www.w3.org/2000/01/rdf-schema#subClassOf>	<http://purl.obolibrary.org/obo/GO_0048856>
<http://purl.obolibrary.org/obo/GO_0140014>	<http://www.w3.org/2000/01/rdf-schema#subClassOf>	<http://purl.obolibrary.org/obo/GO_1903047>
<http://purl.obolibrary.org/obo/GO_0048856>	<http://www.w3.org/2000/01/rdf-schema#subClassOf>	<http://purl.obolibrary.org/obo/GO_0032502>
<http://purl.obolibrary.org/obo/GO_0051329>	<http://www.w3.org/2000/01/rdf-schema#subClassOf>	<http://purl.obolibrary.org/obo/GO_0051325>
<http://purl.obolibrary.org/obo/GO_0032502>	<http://www.w3.org/2000/01/rdf-schema#subClassOf>	<http://purl.obolibrary.org/obo/GO_0008150>
<http://purl.obolibrary.org/obo/GO_0007275>	<http://www.w3.org/2000/01/rdf-schema#subClassOf>	<http://purl.obolibrary.org/obo/GO_0032501>
<http://purl.obolibrary.org/obo/GO_0000280>	<http://www.w3.org/2000/01/rdf-schema#subClassOf>	<http://purl.obolibrary.org/obo/GO_0048285>
<http://purl.obolibrary.org/obo/GO_0044848>	<http://www.w3.org/2000/01/rdf-schema#subClassOf>	<http://purl.obolibrary.org/obo/GO_0008150>
<http://purl.obolibrary.org/obo/GO_1903047>	<http://www.w3.org/2000/01/rdf-schema#subClassOf>	<http://purl.obolibrary.org/obo/GO_0022402>
<http://purl.obolibrary.org/obo/GO_0022402>	<http://www.w3.org/2000/01/rdf-schema#subClassOf>	<http://purl.obolibrary.org/obo/GO_0009987>
<http://purl.obolibrary.org/obo/GO_0032501>	<http://www.w3.org/2000/01/rdf-schema#subClassOf>	<http://purl.obolibrary.org/obo/GO_0008150>
<http://purl.obolibrary.org/obo/GO_0051325>	<http://www.w3.org/2000/01/rdf-schema#subClassOf>	<http://purl.obolibrary.org/obo/GO_0022403>
<http://purl.obolibrary.org/obo/GO_0071840>	<http://www.w3.org/2000/01/rdf-schema#subClassOf>	<http://purl.obolibrary.org/obo/GO_0009987>
<http://purl.obolibrary.org/obo/GO_0000087>	<http://www.w3.org/2000/01/rdf-schema#subClassOf>	<http://purl.obolibrary.org/obo/GO_0098763>
<http://purl.obolibrary.org/obo/GO_0098763>	<http://www.w3.org/2000/01/rdf-schema#subClassOf>	<http://purl.obolibrary.org/obo/GO_0022403>
<http://purl.obolibrary.org/obo/GO_0006996>	<http://www.w3.org/2000/01/rdf-schema#subClassOf>	<http://purl.obolibrary.org/obo/GO_0016043>
<http://purl.obolibrary.org/obo/GO_0140014>	<http://www.w3.org/2000/01/rdf-schema#subClassOf>	<http://purl.obolibrary.org/obo/GO_0000280>
<http://purl.obolibrary.org/obo/GO_0009790>	<http://www.w3.org/2000/01/rdf-schema#subClassOf>	<http://purl.obolibrary.org/obo/GO_0007275>
<http://purl.obolibrary.org/obo/GO_0051329>	<http://www.w3.org/2000/01/rdf-schema#subClassOf>	<http://purl.obolibrary.org/obo/GO_0098763>
<http://purl.obolibrary.org/obo/GO_0022403>	<http://www.w3.org/2000/01/rdf-schema#subClassOf>	<http://purl.obolibrary.org/obo/GO_0044848>
<http://purl.obolibrary.org/obo/GO_0045448>	<http://www.w3.org/2000/01/rdf-schema#subClassOf>	<http://purl.obolibrary.org/obo/GO_0000278>
<http://purl.obolibrary.org/obo/GO_0000278>	<http://www.w3.org/2000/01/rdf-schema#subClassOf>	<http://purl.obolibrary.org/obo/GO_0007049>
